<?xml version="1.0" encoding="utf-8" ?>
<kml xmlns="http://www.opengis.net/kml/2.2">
<Document id="root_doc">
<Schema name="alloted_handed_gba" id="alloted_handed_gba">
	<SimpleField name="fid" type="float"></SimpleField>
	<SimpleField name="OBJECTID" type="float"></SimpleField>
	<SimpleField name="LAYOUT_NO" type="string"></SimpleField>
	<SimpleField name="LAYOUT_NAM" type="string"></SimpleField>
	<SimpleField name="Division" type="string"></SimpleField>
	<SimpleField name="CITY_NAME" type="string"></SimpleField>
	<SimpleField name="ENGG_QUERY" type="string"></SimpleField>
	<SimpleField name="OTHERS" type="string"></SimpleField>
	<SimpleField name="Shape_Leng" type="float"></SimpleField>
	<SimpleField name="Shape_Area" type="float"></SimpleField>
	<SimpleField name="div_lay" type="string"></SimpleField>
	<SimpleField name="ID" type="string"></SimpleField>
	<SimpleField name="LAYER" type="string"></SimpleField>
	<SimpleField name="STRING" type="string"></SimpleField>
	<SimpleField name="path" type="string"></SimpleField>
	<SimpleField name="uid" type="int"></SimpleField>
	<SimpleField name="KGISVillageName" type="string"></SimpleField>
	<SimpleField name="HobliName" type="string"></SimpleField>
</Schema>
<Folder><name>alloted_handed_gba</name>
  <Placemark>
	<Style><LineStyle><color>ff0000ff</color></LineStyle><PolyStyle><fill>0</fill></PolyStyle></Style>
	<ExtendedData><SchemaData schemaUrl="#alloted_handed_gba">
		<SimpleData name="fid">1</SimpleData>
		<SimpleData name="OBJECTID">1</SimpleData>
		<SimpleData name="LAYOUT_NO">BAN_50_1</SimpleData>
		<SimpleData name="LAYOUT_NAM">JAYA PRAKASHA NAGARA 9TH STAGE</SimpleData>
		<SimpleData name="Division">SOUTH</SimpleData>
		<SimpleData name="CITY_NAME">BANGALORE</SimpleData>
		<SimpleData name="ENGG_QUERY">WITH IN BDA BOUNDARY</SimpleData>
		<SimpleData name="Shape_Leng">862.781063304158</SimpleData>
		<SimpleData name="Shape_Area">17811.0222468439</SimpleData>
		<SimpleData name="div_lay">SOUTH#JAYA PRAKASHA NAGARA 9TH STAGE</SimpleData>
		<SimpleData name="ID">S - 1</SimpleData>
		<SimpleData name="path">D:/5.BDA Audit/Layout/Shapefiles/Layout Boundary R1.shp</SimpleData>
		<SimpleData name="uid">1</SimpleData>
		<SimpleData name="KGISVillageName">Raghuvanahalli,Thippasandra,K.G.Vajarahalli</SimpleData>
		<SimpleData name="HobliName">Uttarahalli-2,Uttarahalli-2,Uttarahalli-2</SimpleData>
	</SchemaData></ExtendedData>
      <MultiGeometry><Polygon><outerBoundaryIs><LinearRing><coordinates>77.5509697901154,12.8737436806047,0 77.5511940136575,12.8736978517365,0 77.5509092065197,12.872699272697,0 77.5506244023506,12.8717006928561,0 77.5504381425611,12.8716958669621,0 77.5502580059139,12.8709573436267,0 77.5500664823847,12.870766669516,0 77.5499129690214,12.8706519767865,0 77.5497366690616,12.8709624179549,0 77.549737411485,12.8713707251266,0 77.5499654054963,12.871807121772,0 77.5506683074044,12.8726952683218,0 77.550602766811,12.8735581594111,0 77.550690512365,12.8740164775255,0 77.5509697901154,12.8737436806047,0</coordinates></LinearRing></outerBoundaryIs></Polygon></MultiGeometry>
  </Placemark>
  <Placemark>
	<Style><LineStyle><color>ff0000ff</color></LineStyle><PolyStyle><fill>0</fill></PolyStyle></Style>
	<ExtendedData><SchemaData schemaUrl="#alloted_handed_gba">
		<SimpleData name="fid">2</SimpleData>
		<SimpleData name="OBJECTID">2</SimpleData>
		<SimpleData name="LAYOUT_NO">BAN_50_2</SimpleData>
		<SimpleData name="LAYOUT_NAM">JAYA PRAKASHA NAGARA 9TH STAGE</SimpleData>
		<SimpleData name="Division">SOUTH</SimpleData>
		<SimpleData name="CITY_NAME">BANGALORE</SimpleData>
		<SimpleData name="ENGG_QUERY">WITH IN BDA BOUNDARY</SimpleData>
		<SimpleData name="Shape_Leng">171.71342740017</SimpleData>
		<SimpleData name="Shape_Area">1578.69239230662</SimpleData>
		<SimpleData name="div_lay">SOUTH#JAYA PRAKASHA NAGARA 9TH STAGE</SimpleData>
		<SimpleData name="ID">S - 2</SimpleData>
		<SimpleData name="path">D:/5.BDA Audit/Layout/Shapefiles/Layout Boundary R1.shp</SimpleData>
		<SimpleData name="uid">2</SimpleData>
		<SimpleData name="KGISVillageName">Thippasandra</SimpleData>
		<SimpleData name="HobliName">Uttarahalli-2</SimpleData>
	</SchemaData></ExtendedData>
      <MultiGeometry><Polygon><outerBoundaryIs><LinearRing><coordinates>77.5560234089462,12.8726303416787,0 77.556546310047,12.8723929141383,0 77.5564545291073,12.8722338013024,0 77.5559694163849,12.8723142940936,0 77.5560234089462,12.8726303416787,0</coordinates></LinearRing></outerBoundaryIs></Polygon></MultiGeometry>
  </Placemark>
  <Placemark>
	<Style><LineStyle><color>ff0000ff</color></LineStyle><PolyStyle><fill>0</fill></PolyStyle></Style>
	<ExtendedData><SchemaData schemaUrl="#alloted_handed_gba">
		<SimpleData name="fid">3</SimpleData>
		<SimpleData name="OBJECTID">3</SimpleData>
		<SimpleData name="LAYOUT_NO">BAN_50_3</SimpleData>
		<SimpleData name="LAYOUT_NAM">JAYA PRAKASHA NAGARA 9TH STAGE</SimpleData>
		<SimpleData name="Division">SOUTH</SimpleData>
		<SimpleData name="CITY_NAME">BANGALORE</SimpleData>
		<SimpleData name="ENGG_QUERY">WITH IN BDA BOUNDARY</SimpleData>
		<SimpleData name="Shape_Leng">297.466218392068</SimpleData>
		<SimpleData name="Shape_Area">4898.55328433774</SimpleData>
		<SimpleData name="div_lay">SOUTH#JAYA PRAKASHA NAGARA 9TH STAGE</SimpleData>
		<SimpleData name="ID">S - 3</SimpleData>
		<SimpleData name="path">D:/5.BDA Audit/Layout/Shapefiles/Layout Boundary R1.shp</SimpleData>
		<SimpleData name="uid">3</SimpleData>
		<SimpleData name="KGISVillageName">Kotthanuru,K.G.Raghavanapalya</SimpleData>
		<SimpleData name="HobliName">Uttarahalli-1,Uttarahalli-1</SimpleData>
	</SchemaData></ExtendedData>
      <MultiGeometry><Polygon><outerBoundaryIs><LinearRing><coordinates>77.5738080945129,12.8730816365265,0 77.5738747718134,12.8724718623003,0 77.5734520020979,12.8725148158087,0 77.5734448578751,12.8723408355349,0 77.5732750952325,12.8723872926549,0 77.5732064933396,12.8725182736369,0 77.5731854491218,12.8726130827231,0 77.5732824131113,12.8731501676239,0 77.5738080945129,12.8730816365265,0</coordinates></LinearRing></outerBoundaryIs></Polygon></MultiGeometry>
  </Placemark>
  <Placemark>
	<Style><LineStyle><color>ff0000ff</color></LineStyle><PolyStyle><fill>0</fill></PolyStyle></Style>
	<ExtendedData><SchemaData schemaUrl="#alloted_handed_gba">
		<SimpleData name="fid">4</SimpleData>
		<SimpleData name="OBJECTID">4</SimpleData>
		<SimpleData name="LAYOUT_NO">BAN_50_4</SimpleData>
		<SimpleData name="LAYOUT_NAM">JAYA PRAKASHA NAGARA 9TH STAGE</SimpleData>
		<SimpleData name="Division">SOUTH</SimpleData>
		<SimpleData name="CITY_NAME">BANGALORE</SimpleData>
		<SimpleData name="ENGG_QUERY">WITH IN BDA BOUNDARY</SimpleData>
		<SimpleData name="Shape_Leng">570.002495548636</SimpleData>
		<SimpleData name="Shape_Area">14333.6861417932</SimpleData>
		<SimpleData name="div_lay">SOUTH#JAYA PRAKASHA NAGARA 9TH STAGE</SimpleData>
		<SimpleData name="ID">S - 4</SimpleData>
		<SimpleData name="path">D:/5.BDA Audit/Layout/Shapefiles/Layout Boundary R1.shp</SimpleData>
		<SimpleData name="uid">4</SimpleData>
		<SimpleData name="KGISVillageName">K.G.Vajarahalli</SimpleData>
		<SimpleData name="HobliName">Uttarahalli-2</SimpleData>
	</SchemaData></ExtendedData>
      <MultiGeometry><Polygon><outerBoundaryIs><LinearRing><coordinates>77.5423315113099,12.8747966787302,0 77.5424811220632,12.8747811546262,0 77.5424439922789,12.8744367190165,0 77.5423833798233,12.8743059932663,0 77.5422734001814,12.8742182195696,0 77.5422895564219,12.8741229893076,0 77.5422125478067,12.8737470421274,0 77.5421775843132,12.8734766398122,0 77.5420509771115,12.8734897767944,0 77.540570147223,12.8737918512398,0 77.5413799485653,12.8742845056367,0 77.5416615879797,12.8744446940836,0 77.5417945868339,12.8744584612489,0 77.5419315338845,12.8745412394974,0 77.5423315113099,12.8747966787302,0</coordinates></LinearRing></outerBoundaryIs></Polygon></MultiGeometry>
  </Placemark>
  <Placemark>
	<Style><LineStyle><color>ff0000ff</color></LineStyle><PolyStyle><fill>0</fill></PolyStyle></Style>
	<ExtendedData><SchemaData schemaUrl="#alloted_handed_gba">
		<SimpleData name="fid">5</SimpleData>
		<SimpleData name="OBJECTID">5</SimpleData>
		<SimpleData name="LAYOUT_NO">BAN_50_5</SimpleData>
		<SimpleData name="LAYOUT_NAM">JAYA PRAKASHA NAGARA 9TH STAGE</SimpleData>
		<SimpleData name="Division">SOUTH</SimpleData>
		<SimpleData name="CITY_NAME">BANGALORE</SimpleData>
		<SimpleData name="ENGG_QUERY">WITH IN BDA BOUNDARY</SimpleData>
		<SimpleData name="Shape_Leng">792.229649982578</SimpleData>
		<SimpleData name="Shape_Area">20827.5999007383</SimpleData>
		<SimpleData name="div_lay">SOUTH#JAYA PRAKASHA NAGARA 9TH STAGE</SimpleData>
		<SimpleData name="ID">S - 5</SimpleData>
		<SimpleData name="path">D:/5.BDA Audit/Layout/Shapefiles/Layout Boundary R1.shp</SimpleData>
		<SimpleData name="uid">5</SimpleData>
		<SimpleData name="KGISVillageName">Raghuvanahalli,K.G.Vajarahalli</SimpleData>
		<SimpleData name="HobliName">Uttarahalli-2,Uttarahalli-2</SimpleData>
	</SchemaData></ExtendedData>
      <MultiGeometry><Polygon><outerBoundaryIs><LinearRing><coordinates>77.5448608316427,12.8764341027555,0 77.5447187951728,12.8758088349249,0 77.544960697121,12.8756737906558,0 77.5450319666375,12.8755237937828,0 77.5446314917921,12.8748063921203,0 77.5444544533623,12.8747568515502,0 77.5440955664767,12.8748700149223,0 77.543703239288,12.8750382743928,0 77.5434559015272,12.875003623644,0 77.5431529289472,12.8749340208912,0 77.5431166219184,12.8748072439461,0 77.5430256027456,12.8747456892385,0 77.5427966102009,12.8748184662861,0 77.5426026103752,12.8748747565431,0 77.542803471965,12.8749437078855,0 77.5431441306772,12.8751259301689,0 77.5431845848947,12.8751477590162,0 77.5437491957638,12.8755283772141,0 77.5440772761236,12.8758835654933,0 77.5445433270435,12.8766546829021,0 77.5448608316427,12.8764341027555,0</coordinates></LinearRing></outerBoundaryIs></Polygon></MultiGeometry>
  </Placemark>
  <Placemark>
	<Style><LineStyle><color>ff0000ff</color></LineStyle><PolyStyle><fill>0</fill></PolyStyle></Style>
	<ExtendedData><SchemaData schemaUrl="#alloted_handed_gba">
		<SimpleData name="fid">6</SimpleData>
		<SimpleData name="OBJECTID">6</SimpleData>
		<SimpleData name="LAYOUT_NO">BAN_50_6</SimpleData>
		<SimpleData name="LAYOUT_NAM">JAYA PRAKASHA NAGARA 9TH STAGE</SimpleData>
		<SimpleData name="Division">SOUTH</SimpleData>
		<SimpleData name="CITY_NAME">BANGALORE</SimpleData>
		<SimpleData name="ENGG_QUERY">WITH IN BDA BOUNDARY</SimpleData>
		<SimpleData name="Shape_Leng">466.137050350804</SimpleData>
		<SimpleData name="Shape_Area">13691.6348434752</SimpleData>
		<SimpleData name="div_lay">SOUTH#JAYA PRAKASHA NAGARA 9TH STAGE</SimpleData>
		<SimpleData name="ID">S - 6</SimpleData>
		<SimpleData name="path">D:/5.BDA Audit/Layout/Shapefiles/Layout Boundary R1.shp</SimpleData>
		<SimpleData name="uid">6</SimpleData>
		<SimpleData name="KGISVillageName">Raghuvanahalli,Thippasandra</SimpleData>
		<SimpleData name="HobliName">Uttarahalli-2,Uttarahalli-2</SimpleData>
	</SchemaData></ExtendedData>
      <MultiGeometry><Polygon><outerBoundaryIs><LinearRing><coordinates>77.5518258739861,12.8751948031073,0 77.5516368273622,12.8741325199986,0 77.5514781316383,12.8740186647916,0 77.551158841851,12.873929764319,0 77.550690512365,12.8740164775255,0 77.550735213767,12.8744596645739,0 77.5509083835421,12.8746814324304,0 77.5510350095263,12.8752716953325,0 77.5512833947006,12.8753087089397,0 77.5514731536209,12.875353713361,0 77.5518258739861,12.8751948031073,0</coordinates></LinearRing></outerBoundaryIs></Polygon></MultiGeometry>
  </Placemark>
  <Placemark>
	<Style><LineStyle><color>ff0000ff</color></LineStyle><PolyStyle><fill>0</fill></PolyStyle></Style>
	<ExtendedData><SchemaData schemaUrl="#alloted_handed_gba">
		<SimpleData name="fid">7</SimpleData>
		<SimpleData name="OBJECTID">7</SimpleData>
		<SimpleData name="LAYOUT_NO">BAN_50_7</SimpleData>
		<SimpleData name="LAYOUT_NAM">JAYA PRAKASHA NAGARA 9TH STAGE</SimpleData>
		<SimpleData name="Division">SOUTH</SimpleData>
		<SimpleData name="CITY_NAME">BANGALORE</SimpleData>
		<SimpleData name="ENGG_QUERY">WITH IN BDA BOUNDARY</SimpleData>
		<SimpleData name="Shape_Leng">6123.97906328241</SimpleData>
		<SimpleData name="Shape_Area">794870.709967447</SimpleData>
		<SimpleData name="div_lay">SOUTH#JAYA PRAKASHA NAGARA 9TH STAGE</SimpleData>
		<SimpleData name="ID">S - 7</SimpleData>
		<SimpleData name="path">D:/5.BDA Audit/Layout/Shapefiles/Layout Boundary R1.shp</SimpleData>
		<SimpleData name="uid">7</SimpleData>
		<SimpleData name="KGISVillageName">Hulimavu,K.G.Kalena Agrahara,Kotthanuru,K.G.Arakere,Puttenahalli</SimpleData>
		<SimpleData name="HobliName">Beguru-3,Beguru-3,Uttarahalli-1,Beguru-3,Uttarahalli-1</SimpleData>
	</SchemaData></ExtendedData>
      <MultiGeometry><Polygon><outerBoundaryIs><LinearRing><coordinates>77.5945411135332,12.8754224256981,0 77.5947262734331,12.8753992051882,0 77.5942808046081,12.8738126419196,0 77.5939577343824,12.8728902382664,0 77.593228234813,12.872651737957,0 77.5932133270987,12.8734396518096,0 77.5932096549231,12.8735842022904,0 77.593206436256,12.8737475438623,0 77.5931993679346,12.8741282262954,0 77.5931796304873,12.8750909544032,0 77.5923026213405,12.8759002406777,0 77.5914256059319,12.8767095255964,0 77.5905485831088,12.877518806413,0 77.5922737445859,12.8773337258812,0 77.5940385929542,12.87700863155,0 77.5937368747027,12.876328483396,0 77.5948093997105,12.8760533642772,0 77.5947517471764,12.875628917455,0 77.5945778716363,12.8756561155181,0 77.5945411135332,12.8754224256981,0</coordinates></LinearRing></outerBoundaryIs></Polygon><Polygon><outerBoundaryIs><LinearRing><coordinates>77.5951010850063,12.8777246986424,0 77.5940686854824,12.8779190063467,0 77.5942685192173,12.8782195631086,0 77.5941596994096,12.8789044422048,0 77.5924850664614,12.8791629572714,0 77.5923812294016,12.8803885040849,0 77.5922773907929,12.8816140487581,0 77.5914642107195,12.8815409656586,0 77.5916375613812,12.8821312274692,0 77.590596050351,12.8824076005959,0 77.5905641826178,12.8827135720529,0 77.5910247062023,12.883869235588,0 77.5911480004756,12.8841786364547,0 77.5922098575281,12.8838202519379,0 77.5927937645291,12.8848958662479,0 77.5914852348996,12.8850248968651,0 77.5915873122432,12.8857704613003,0 77.5916227223955,12.8868036055341,0 77.5916682078434,12.8879416930616,0 77.5916290414272,12.8892666139671,0 77.5915817723429,12.889811197458,0 77.5917059656896,12.8904014772054,0 77.5921155809036,12.8914455869603,0 77.5935885968059,12.8912258678477,0 77.5945226280258,12.8911037829033,0 77.59545665995,12.8909816958715,0 77.596578472951,12.8907929026984,0 77.5979437351042,12.8905269549131,0 77.5974787785143,12.8892878768449,0 77.5970443664804,12.8881578261179,0 77.5968530128705,12.8877185947856,0 77.5967535307719,12.8870972632656,0 77.5965752780996,12.8860485380265,0 77.5964270268424,12.8847406110998,0 77.5963199445605,12.8838722013192,0 77.5963098108762,12.8837922694828,0 77.5961940615288,12.8831421960196,0 77.5960423783421,12.8828007048715,0 77.5958488748142,12.8819194548455,0 77.5957386845823,12.8815666415225,0 77.595576644149,12.8803382017354,0 77.5954146070089,12.8791097597839,0 77.5951010850063,12.8777246986424,0</coordinates></LinearRing></outerBoundaryIs></Polygon></MultiGeometry>
  </Placemark>
  <Placemark>
	<Style><LineStyle><color>ff0000ff</color></LineStyle><PolyStyle><fill>0</fill></PolyStyle></Style>
	<ExtendedData><SchemaData schemaUrl="#alloted_handed_gba">
		<SimpleData name="fid">8</SimpleData>
		<SimpleData name="OBJECTID">8</SimpleData>
		<SimpleData name="LAYOUT_NO">BAN_50_8</SimpleData>
		<SimpleData name="LAYOUT_NAM">JAYA PRAKASHA NAGARA 9TH STAGE</SimpleData>
		<SimpleData name="Division">SOUTH</SimpleData>
		<SimpleData name="CITY_NAME">BANGALORE</SimpleData>
		<SimpleData name="ENGG_QUERY">WITH IN BDA BOUNDARY</SimpleData>
		<SimpleData name="Shape_Leng">432.459800012833</SimpleData>
		<SimpleData name="Shape_Area">9371.08099635103</SimpleData>
		<SimpleData name="div_lay">SOUTH#JAYA PRAKASHA NAGARA 9TH STAGE</SimpleData>
		<SimpleData name="ID">S - 8</SimpleData>
		<SimpleData name="path">D:/5.BDA Audit/Layout/Shapefiles/Layout Boundary R1.shp</SimpleData>
		<SimpleData name="uid">8</SimpleData>
		<SimpleData name="KGISVillageName">Kotthanuru</SimpleData>
		<SimpleData name="HobliName">Uttarahalli-1</SimpleData>
	</SchemaData></ExtendedData>
      <MultiGeometry><Polygon><outerBoundaryIs><LinearRing><coordinates>77.5746817792971,12.8748491849182,0 77.5747373104198,12.8746131461136,0 77.5746928676256,12.8744965208742,0 77.5747962070195,12.8744235028185,0 77.5747832893086,12.8741691984262,0 77.5743550893111,12.8741775706671,0 77.5741717419961,12.8742720380736,0 77.5735165866096,12.8742414108412,0 77.5733716399671,12.874830677774,0 77.5744022989082,12.8748159558284,0 77.5746817792971,12.8748491849182,0</coordinates></LinearRing></outerBoundaryIs></Polygon></MultiGeometry>
  </Placemark>
  <Placemark>
	<Style><LineStyle><color>ff0000ff</color></LineStyle><PolyStyle><fill>0</fill></PolyStyle></Style>
	<ExtendedData><SchemaData schemaUrl="#alloted_handed_gba">
		<SimpleData name="fid">9</SimpleData>
		<SimpleData name="OBJECTID">9</SimpleData>
		<SimpleData name="LAYOUT_NO">BAN_50_9</SimpleData>
		<SimpleData name="LAYOUT_NAM">JAYA PRAKASHA NAGARA 9TH STAGE</SimpleData>
		<SimpleData name="Division">SOUTH</SimpleData>
		<SimpleData name="CITY_NAME">BANGALORE</SimpleData>
		<SimpleData name="ENGG_QUERY">WITH IN BDA BOUNDARY</SimpleData>
		<SimpleData name="Shape_Leng">264.877290847094</SimpleData>
		<SimpleData name="Shape_Area">4069.52301089026</SimpleData>
		<SimpleData name="div_lay">SOUTH#JAYA PRAKASHA NAGARA 9TH STAGE</SimpleData>
		<SimpleData name="ID">S - 9</SimpleData>
		<SimpleData name="path">D:/5.BDA Audit/Layout/Shapefiles/Layout Boundary R1.shp</SimpleData>
		<SimpleData name="uid">9</SimpleData>
		<SimpleData name="KGISVillageName">K.G.Vajarahalli</SimpleData>
		<SimpleData name="HobliName">Uttarahalli-2</SimpleData>
	</SchemaData></ExtendedData>
      <MultiGeometry><Polygon><outerBoundaryIs><LinearRing><coordinates>77.5479022135166,12.8711563882321,0 77.5483622659657,12.871137909085,0 77.5483060179202,12.8708100983348,0 77.5480391990725,12.8704138386422,0 77.5478461828708,12.8705945716666,0 77.5477646380402,12.870733601566,0 77.5476531359524,12.8707752193339,0 77.5476597004209,12.8708451006592,0 77.5477286402415,12.8711216853092,0 77.5478888914661,12.8710803350935,0 77.5479022135166,12.8711563882321,0</coordinates></LinearRing></outerBoundaryIs></Polygon></MultiGeometry>
  </Placemark>
  <Placemark>
	<Style><LineStyle><color>ff0000ff</color></LineStyle><PolyStyle><fill>0</fill></PolyStyle></Style>
	<ExtendedData><SchemaData schemaUrl="#alloted_handed_gba">
		<SimpleData name="fid">10</SimpleData>
		<SimpleData name="OBJECTID">10</SimpleData>
		<SimpleData name="LAYOUT_NO">BAN_50_10</SimpleData>
		<SimpleData name="LAYOUT_NAM">JAYA PRAKASHA NAGARA 9TH STAGE</SimpleData>
		<SimpleData name="Division">SOUTH</SimpleData>
		<SimpleData name="CITY_NAME">BANGALORE</SimpleData>
		<SimpleData name="ENGG_QUERY">WITH IN BDA BOUNDARY</SimpleData>
		<SimpleData name="Shape_Leng">16997.5903433201</SimpleData>
		<SimpleData name="Shape_Area">5180716.31984678</SimpleData>
		<SimpleData name="div_lay">SOUTH#JAYA PRAKASHA NAGARA 9TH STAGE</SimpleData>
		<SimpleData name="ID">S - 10</SimpleData>
		<SimpleData name="path">D:/5.BDA Audit/Layout/Shapefiles/Layout Boundary R1.shp</SimpleData>
		<SimpleData name="uid">10</SimpleData>
		<SimpleData name="KGISVillageName">Gollahalli,J.I.Alahalli,Konanakunte,Kotthanuru,K.G.Raghavanapalya,Anjanapura,Raghuvanahalli,Thippasandra,K.G.Chunchagatta,Jaraganahalli,Doddakallasandra</SimpleData>
		<SimpleData name="HobliName">Uttarahalli-1,Uttarahalli-1,Uttarahalli-1,Uttarahalli-1,Uttarahalli-1,Uttarahalli-1,Uttarahalli-2,Uttarahalli-2,Uttarahalli-1,Uttarahalli-1,Uttarahalli-1</SimpleData>
	</SchemaData></ExtendedData>
      <MultiGeometry><Polygon><outerBoundaryIs><LinearRing><coordinates>77.5519815939366,12.8768058328281,0 77.5514166036696,12.8768110869666,0 77.5514066811772,12.8762497672027,0 77.5511676067681,12.8762844474279,0 77.5510390788057,12.8761491947214,0 77.5507776124169,12.8757488521992,0 77.5509029280062,12.8755058939595,0 77.5502446282479,12.8756364656313,0 77.5502148624886,12.8760103109049,0 77.5484659675775,12.8763434094807,0 77.5480934384086,12.8763770822512,0 77.5478030655541,12.8774897890322,0 77.5484124716833,12.8774540060344,0 77.5487782627803,12.8774268636534,0 77.5489805881587,12.8775869970988,0 77.5490371767754,12.8777992882001,0 77.5496313686005,12.8777061179995,0 77.5498172584758,12.8781315996235,0 77.5502788981473,12.8780941141282,0 77.5503222182046,12.8789650346885,0 77.5505974658292,12.879471053345,0 77.5503984607112,12.8801426691427,0 77.5490688353688,12.8803378946083,0 77.5487979323465,12.8805874557053,0 77.5483863602678,12.8803773516188,0 77.5483584799875,12.880305193948,0 77.5484188014302,12.8799407170153,0 77.5483091454302,12.8799648950127,0 77.5479821443089,12.879941475419,0 77.5479756893024,12.8790471253026,0 77.5479086187498,12.8788859130046,0 77.5476238268067,12.8789753447227,0 77.5476251918671,12.8794074871234,0 77.5475205453844,12.879504212572,0 77.5474264212134,12.8794602357117,0 77.5470471954978,12.8794574236166,0 77.5468181447711,12.8788559442818,0 77.5455721102101,12.879160020525,0 77.5460705358983,12.8803407953043,0 77.5462437705894,12.880749080085,0 77.5464622200186,12.8813124512713,0 77.5466686754655,12.8818380905791,0 77.5470268913345,12.882599235299,0 77.5471251245907,12.8828713881398,0 77.5472396532945,12.8830025951396,0 77.5482305443976,12.8832950471215,0 77.5490016505652,12.8834522531807,0 77.549908835323,12.8836916640027,0 77.5507454105976,12.883927649386,0 77.5511547038771,12.8840458558642,0 77.5523617499762,12.8843967892957,0 77.5535687984537,12.8847477165149,0 77.5548171525557,12.8851554211372,0 77.5560655096717,12.885563119028,0 77.5569745700336,12.8858910355909,0 77.557519071629,12.8860618396097,0 77.5582726845449,12.8862723954359,0 77.5592259670171,12.8865738337133,0 77.5601792511664,12.8868752680788,0 77.5612226737767,12.887529958714,0 77.5619676708261,12.8881083449361,0 77.5622942175483,12.888394012308,0 77.5628675941967,12.8888962856022,0 77.563504234795,12.8894841343193,0 77.5636382074035,12.8896045845395,0 77.5638093984873,12.889762580591,0 77.5647117734409,12.8905227074724,0 77.5654959915532,12.8912409398548,0 77.5662802140863,12.8919591690055,0 77.5670644410405,12.8926773949243,0 77.5677847035468,12.8933505005234,0 77.5685049698739,12.8940236033799,0 77.5689373810644,12.8939999607395,0 77.5692764938237,12.8940060784136,0 77.5698791619579,12.8940216178645,0 77.5703289765674,12.8940629853116,0 77.571249479826,12.8941338063976,0 77.5714902835622,12.8941290970508,0 77.5719719237381,12.8941820302087,0 77.5727417057009,12.8946162638381,0 77.5731323846881,12.8942677425805,0 77.5735091064289,12.893651135918,0 77.5730315058042,12.8932020736479,0 77.5729647026607,12.8930622511719,0 77.5728788111643,12.8928933352686,0 77.5727936376115,12.8928772084956,0 77.5727244019456,12.8928698756452,0 77.5726925639975,12.8927678764999,0 77.5722250259824,12.892262131573,0 77.5717896706196,12.8908312549582,0 77.5710951823972,12.8909092840452,0 77.5711465626011,12.8916139953831,0 77.5707951578326,12.8916088611458,0 77.5705294975187,12.8915239319865,0 77.5704220687194,12.8918374673655,0 77.5702495101978,12.8922846634723,0 77.5699890870075,12.8923083434502,0 77.5699743584471,12.8923466985983,0 77.5688909120135,12.8920697423555,0 77.5689338059289,12.891973623441,0 77.5693638006526,12.8920469367417,0 77.5694259578087,12.8918046155869,0 77.5697259176123,12.8919227863185,0 77.5698629917214,12.8916338158715,0 77.5698860429039,12.8916255667351,0 77.5699582284492,12.8914330487967,0 77.5697179916587,12.8913869600402,0 77.5694114222783,12.891302039973,0 77.5691833286393,12.8911925823779,0 77.5694755603887,12.8901740172672,0 77.5695867366715,12.890223424859,0 77.5695140407575,12.8901098228918,0 77.5696728315043,12.8893109697398,0 77.5697635454376,12.8890533098518,0 77.5701020618703,12.8885853198976,0 77.570199605839,12.8883542862665,0 77.5702633837712,12.8880272321656,0 77.5703982122598,12.8874137322716,0 77.570545109842,12.8872593686541,0 77.5706198323242,12.8865536240836,0 77.5705364606507,12.8859845365251,0 77.5703228183597,12.8848682191576,0 77.5697675472806,12.8836315581272,0 77.5692122826191,12.8823948947839,0 77.568778341109,12.8814744775062,0 77.5685341604241,12.8811243843367,0 77.5679482335333,12.8800769070667,0 77.5673623121159,12.8790294274898,0 77.5671500122337,12.8777541758001,0 77.566924820094,12.8764377005408,0 77.5678342069151,12.8759561514788,0 77.5687435898186,12.8754745998947,0 77.5696529688046,12.8749930457891,0 77.5700022073226,12.8748087288864,0 77.5703240688188,12.8746376668948,0 77.5704713752252,12.8745423344589,0 77.5703677445178,12.8741184362795,0 77.5704436007386,12.8738040791354,0 77.5703919724603,12.8735119928264,0 77.57021665269,12.8722076629105,0 77.5701151149846,12.8713853453943,0 77.571312218511,12.8718272052208,0 77.5725093253158,12.8722690587635,0 77.5725037768852,12.872364093391,0 77.5731267588826,12.872496951364,0 77.5731753164615,12.8725896562871,0 77.5731954128515,12.872482983242,0 77.5733514031212,12.8721255610833,0 77.5735229527636,12.8718350215977,0 77.5736998914722,12.8715851264343,0 77.5738612680886,12.8713150690871,0 77.5739861210967,12.8710146236891,0 77.5741943099182,12.8707797222487,0 77.5742348893499,12.8706474554311,0 77.5742428501939,12.8703487645507,0 77.5742586340492,12.8699480975,0 77.5742614270422,12.8698903050802,0 77.5743552616584,12.8698534401917,0 77.5742805045283,12.8695199819644,0 77.5740723129049,12.8688903621993,0 77.5740303204641,12.8684658858483,0 77.5738944447841,12.8679634349653,0 77.5742153403301,12.8679134006893,0 77.5742263193187,12.8680378391428,0 77.5748252808306,12.8679128434923,0 77.5751736889722,12.8678547770054,0 77.5754238827589,12.8678065472301,0 77.5754149293906,12.8673157644864,0 77.5750579137988,12.8673272812707,0 77.5749808918013,12.8666362713623,0 77.5743899092991,12.8667413526114,0 77.574385516076,12.8666845847481,0 77.5743654218971,12.8663750565866,0 77.5734863517636,12.8664985123922,0 77.5735989796034,12.8668980316521,0 77.5737449221678,12.8673379865339,0 77.5733564584726,12.8674116653686,0 77.5733589622313,12.8674422895059,0 77.5732393014106,12.8674638463126,0 77.5732046430392,12.8672965976944,0 77.5729930607312,12.8673245938325,0 77.572935310185,12.8670904182753,0 77.5728816776256,12.8670503109126,0 77.5728721738396,12.8668859412542,0 77.5730575751703,12.8666189369848,0 77.5730318021041,12.8663985562089,0 77.5729772188453,12.8660069872528,0 77.5728060518795,12.8659944960321,0 77.5729964634112,12.8657682304938,0 77.5727359135038,12.8655296849965,0 77.5726078358795,12.8653831752497,0 77.5721632812472,12.864520397275,0 77.5717187300907,12.8636576179193,0 77.5715517089776,12.8636010613104,0 77.5711668993759,12.863760564806,0 77.5704229743016,12.8639054157978,0 77.570480776023,12.864003233243,0 77.5701963072126,12.8640827261102,0 77.5698661467945,12.8641954335167,0 77.5698249436525,12.8644881632855,0 77.5699001045882,12.8646215734025,0 77.5695279599473,12.8644804577339,0 77.56909551702,12.8643847452441,0 77.568161648175,12.8645934020691,0 77.5679314502859,12.8646431579439,0 77.5677115061046,12.8646693571396,0 77.5673851976877,12.8647366123459,0 77.5664277839993,12.8645732150464,0 77.5654703708874,12.8644098140093,0 77.5653972293069,12.8644102916775,0 77.5651411006258,12.8641479923055,0 77.5650114677822,12.8641193911621,0 77.5647558602988,12.8633927893353,0 77.5646001460186,12.8631923677668,0 77.5645252784838,12.8629098911742,0 77.56423497427,12.8630322228323,0 77.5641582099436,12.8628713319237,0 77.5639723819359,12.8629371687442,0 77.5636313693882,12.8630491017444,0 77.562958102546,12.8632783593809,0 77.5629240248912,12.8634326426421,0 77.5628502767878,12.8636557140964,0 77.5630111590362,12.8642863181684,0 77.5623863651441,12.8651365988412,0 77.5619560268651,12.865413985296,0 77.5617706196769,12.8657627429951,0 77.5617095317008,12.8657801371818,0 77.561436719583,12.8658055351814,0 77.5613600965008,12.8656202593824,0 77.5612502912887,12.8656291329994,0 77.5608922346878,12.8656502329533,0 77.5606226245444,12.8657372828153,0 77.5606506502829,12.8658174212052,0 77.5602892980166,12.8660244362157,0 77.5602596273273,12.8661170381532,0 77.5601423751419,12.8661140313097,0 77.5597019670413,12.8662901266972,0 77.5594861539491,12.8664016150167,0 77.5593604108793,12.8664065778723,0 77.5591120131229,12.8663725182025,0 77.5584279796982,12.8665168972576,0 77.5584559752084,12.8666357257389,0 77.5580452242205,12.8671533598233,0 77.557828565585,12.8672388244524,0 77.5576555192664,12.8673739298675,0 77.557421213871,12.8678674465109,0 77.5573065467652,12.8681104898262,0 77.5571943687145,12.8682090014379,0 77.5569310194704,12.8683324096532,0 77.5567709336936,12.8683657192464,0 77.5560553102003,12.8685040175917,0 77.5554359189257,12.8686075320788,0 77.5540554395577,12.8687707245533,0 77.5540105036159,12.8687823477988,0 77.5535180649891,12.8687617631083,0 77.5529175908025,12.8686591402384,0 77.5526602864978,12.8686480552778,0 77.5527150033994,12.8689450630767,0 77.5525707514117,12.869339328227,0 77.5526021329225,12.8695519625886,0 77.5529679641881,12.8694880611288,0 77.5530463230984,12.869468095089,0 77.553545594729,12.870578848667,0 77.5536083852121,12.8705538247672,0 77.5538091671367,12.8711026606075,0 77.5540005247435,12.8711689201924,0 77.554308672325,12.8717844377025,0 77.5545240862122,12.8719656645789,0 77.5548135273613,12.8718878037298,0 77.5550548442277,12.8716517943475,0 77.5549806500922,12.8715033827525,0 77.5553847852023,12.8713159693232,0 77.5556005561849,12.8715931468774,0 77.5556356183278,12.8718222542869,0 77.55570768858,12.8715827638247,0 77.5560258384856,12.8714625364798,0 77.556207432302,12.8716298229449,0 77.5568574977501,12.8721746551464,0 77.557006290032,12.8721720156048,0 77.5565913514653,12.8724990468052,0 77.5566579497418,12.872823459791,0 77.5567038880922,12.8733731491278,0 77.5569447360231,12.8738726128043,0 77.557452581801,12.8737588900654,0 77.5588393381667,12.8735181798893,0 77.559895655575,12.8744642977597,0 77.5583457304346,12.8751583472507,0 77.5566606944667,12.8747399499361,0 77.5556689591508,12.8749646163137,0 77.5546772213714,12.8751892792599,0 77.5544807907456,12.8754792151009,0 77.5535304332414,12.8757240034676,0 77.5525800732633,12.8759687887237,0 77.5514731536209,12.875353713361,0 77.5516864012025,12.8764464030181,0 77.5520644124295,12.8765603105933,0 77.5519815939366,12.8768058328281,0</coordinates></LinearRing></outerBoundaryIs></Polygon></MultiGeometry>
  </Placemark>
  <Placemark>
	<Style><LineStyle><color>ff0000ff</color></LineStyle><PolyStyle><fill>0</fill></PolyStyle></Style>
	<ExtendedData><SchemaData schemaUrl="#alloted_handed_gba">
		<SimpleData name="fid">17</SimpleData>
		<SimpleData name="OBJECTID">2</SimpleData>
		<SimpleData name="LAYOUT_NO">BLR_56</SimpleData>
		<SimpleData name="LAYOUT_NAM">ANJANAPURA TOWNSHIP</SimpleData>
		<SimpleData name="Division">SOUTH</SimpleData>
		<SimpleData name="CITY_NAME">BANGALORE</SimpleData>
		<SimpleData name="ENGG_QUERY">WITH IN BDAFORMED BOUNDARY</SimpleData>
		<SimpleData name="Shape_Leng">8781.68659120808</SimpleData>
		<SimpleData name="Shape_Area">2280614.77260849</SimpleData>
		<SimpleData name="div_lay">SOUTH#ANJANAPURA TOWNSHIP</SimpleData>
		<SimpleData name="ID">S - 17</SimpleData>
		<SimpleData name="path">D:/5.BDA Audit/Layout/Shapefiles/Layout Boundary R1.shp</SimpleData>
		<SimpleData name="uid">17</SimpleData>
		<SimpleData name="KGISVillageName">Gollahalli,J.I.Alahalli,Mallasandra,Anjanapura,Thippasandra</SimpleData>
		<SimpleData name="HobliName">Uttarahalli-1,Uttarahalli-1,Uttarahalli-2,Uttarahalli-1,Uttarahalli-2</SimpleData>
	</SchemaData></ExtendedData>
      <MultiGeometry><Polygon><outerBoundaryIs><LinearRing><coordinates>77.5552275790443,12.8513308220369,0 77.5551492342992,12.8511932946996,0 77.5550325839157,12.8510066669705,0 77.5543202426087,12.8511721366433,0 77.5535552487778,12.8512771015321,0 77.5526290927618,12.8513807274325,0 77.5526995829924,12.8515178149373,0 77.5523262545659,12.8516342306649,0 77.5522570640858,12.8514469460987,0 77.5521198089698,12.851081755154,0 77.5518384853558,12.8511212374212,0 77.5519474981206,12.8512414803172,0 77.5520432982427,12.8515979985922,0 77.5520969396383,12.8517057374898,0 77.5516157782132,12.8518557766436,0 77.5499630770656,12.8522198584922,0 77.5499960541235,12.851395199619,0 77.5499956423112,12.8513952686908,0 77.5491039643962,12.8515438416068,0 77.5491929468175,12.8523327563151,0 77.5492787164054,12.853288444802,0 77.5490262476122,12.8533306852998,0 77.5492469905839,12.8548847530065,0 77.55032987687,12.8546246983737,0 77.5504333395516,12.8557611493186,0 77.5505596572712,12.8567139504341,0 77.549730251666,12.8568225209133,0 77.5482116960417,12.8570849650043,0 77.5475123776759,12.8571624393177,0 77.5464845137311,12.8572988573676,0 77.5463826274134,12.8573444385109,0 77.5463659449034,12.8573799171734,0 77.546366507056,12.857435652455,0 77.5464633550201,12.8575975233284,0 77.5465088203708,12.8577052089243,0 77.546546639645,12.8578908540238,0 77.5465352665425,12.8581886981542,0 77.5464981910378,12.858312472167,0 77.5462729240399,12.8586274867169,0 77.545796972082,12.8592930591365,0 77.5457344146908,12.8593318545152,0 77.5455937151614,12.8592729789244,0 77.5453077891022,12.8588127631223,0 77.5452465865675,12.8587952425341,0 77.5451752481036,12.8588382681504,0 77.5450850712344,12.8592591185807,0 77.5451672465498,12.859641424321,0 77.5455921314796,12.8602483536956,0 77.5459406939376,12.8609557375589,0 77.546105377701,12.861191986699,0 77.5464603972509,12.8624895804687,0 77.5467328487837,12.8629345440756,0 77.547147898301,12.8633662900328,0 77.547640782278,12.8636062252286,0 77.5479820256788,12.8635665380059,0 77.5486552670726,12.8633938993151,0 77.5490135575496,12.8638746170834,0 77.549131348559,12.8645841063095,0 77.5492248019116,12.8663800450157,0 77.5494639845993,12.8667339688738,0 77.5496123812542,12.8668669233844,0 77.5496722759366,12.8669723681413,0 77.5503585010742,12.8673188221688,0 77.5510952519274,12.8678933181422,0 77.5512796940533,12.8663788675324,0 77.5519097447645,12.866479265121,0 77.5527307456299,12.8665991802305,0 77.5528929731519,12.8682368433156,0 77.5529175908025,12.8686591402384,0 77.5535180649891,12.8687617631083,0 77.5540105036159,12.8687823477988,0 77.555247114606,12.8684624642319,0 77.5553981486233,12.8685569178318,0 77.5559008976371,12.8683771164077,0 77.55631946421,12.8679311467839,0 77.5564041504382,12.8676970823666,0 77.5560241526802,12.8672244843353,0 77.5556713639351,12.8671248085225,0 77.5559511407332,12.8669450550225,0 77.5559803002369,12.8667377054115,0 77.5560866334085,12.8666339482381,0 77.5562124182339,12.8666049380526,0 77.5565528856367,12.8666430227762,0 77.5567817111568,12.8665937539002,0 77.5568717088115,12.8669944896354,0 77.5577821779065,12.8669028383885,0 77.5578475008773,12.8671801041751,0 77.5580452242205,12.8671533598233,0 77.5584559752084,12.8666357257389,0 77.5584279796982,12.8665168972576,0 77.5588568006282,12.8664242777324,0 77.5591120131229,12.8663725182025,0 77.559283557957,12.866396040624,0 77.5593604108793,12.8664065778723,0 77.5594086009999,12.8664046762887,0 77.5594861539491,12.8664016150167,0 77.5595334505877,12.8663771824381,0 77.5597019670413,12.8662901266972,0 77.5601423751419,12.8661140313097,0 77.5602596273273,12.8661170381532,0 77.5602892980166,12.8660244362157,0 77.5603299914175,12.8660001369553,0 77.5604635621958,12.8659237973527,0 77.560583217046,12.8658557669454,0 77.5606506502829,12.8658174212052,0 77.5605949669209,12.8656581929499,0 77.5607551981357,12.8655521999237,0 77.5607449911589,12.865187232374,0 77.5608107981553,12.8651575704359,0 77.5608591670274,12.8651058099398,0 77.5609284672917,12.8651236862148,0 77.5609584191304,12.8651632977447,0 77.5612918626574,12.8651598012066,0 77.5614266451939,12.8651504717608,0 77.5615139346093,12.8651285733823,0 77.5615323465525,12.8650181787337,0 77.5614267858211,12.8647098629836,0 77.5612671514476,12.8644179660767,0 77.5619463431224,12.8641441311508,0 77.5618826964212,12.8640134298461,0 77.5619313283376,12.8639901656129,0 77.5621127193181,12.8639223678374,0 77.5622957594396,12.8638402624485,0 77.5624321238565,12.8637483086939,0 77.5625888018203,12.8636676287726,0 77.5625330168605,12.8634685508245,0 77.5633614741922,12.8630028983459,0 77.5633110787335,12.8623660499934,0 77.5630370896181,12.862112184461,0 77.5628479770193,12.8623258729594,0 77.5626865779739,12.8624076202773,0 77.5622951792562,12.8625483803542,0 77.5623607540056,12.8629077954792,0 77.5621898429668,12.8629986993995,0 77.5621079665734,12.8630508702464,0 77.562013503703,12.8630733775456,0 77.5619537720719,12.8629781836147,0 77.5617953623942,12.8630349799995,0 77.5615507173626,12.863121725088,0 77.5614798742547,12.8629516325338,0 77.5612897399108,12.8630456413815,0 77.5612430874929,12.8630244376173,0 77.5612038847793,12.8627829604099,0 77.5616483098392,12.8625172878128,0 77.5614941799648,12.8621988766803,0 77.5610202338879,12.8623400582364,0 77.5607361514201,12.8624227063019,0 77.5604249395139,12.8620826057531,0 77.5608916581964,12.8619215529016,0 77.5614980516462,12.8617210049483,0 77.56220915446,12.8616917981142,0 77.5622165255953,12.8616474799581,0 77.5616317675593,12.860452736133,0 77.5616531032632,12.8604440803296,0 77.5621605451937,12.8602381954928,0 77.5625481959512,12.860262674907,0 77.5626280433703,12.8602409192364,0 77.5625097923816,12.8598230898795,0 77.5624037729534,12.8597411375968,0 77.562345567284,12.8596804101191,0 77.5623098674454,12.8597156181341,0 77.5617916308628,12.8591926951198,0 77.5614898262528,12.8586060172118,0 77.561144483946,12.8579454201728,0 77.56109679745,12.8577883904442,0 77.5609307525377,12.8574357355794,0 77.5603399538166,12.8573987740694,0 77.5601805396647,12.8570147452083,0 77.5601184757082,12.8569898049934,0 77.5598101325835,12.8566754662925,0 77.559543662153,12.8564038116049,0 77.5592454869732,12.8564800049183,0 77.5591261780546,12.8563625266957,0 77.5589315984736,12.8560512122278,0 77.5584936533563,12.8557422700181,0 77.558401728326,12.8554014715753,0 77.5579095128889,12.8550466302398,0 77.55783190047,12.8550623518617,0 77.5578678585592,12.8548432325408,0 77.5578822970575,12.854748912842,0 77.5578661827295,12.8546523269384,0 77.5577022499532,12.8544004712861,0 77.5575133885736,12.8543786189229,0 77.5573912003839,12.8540834193208,0 77.5570432282537,12.8540489691681,0 77.5565248284893,12.8529519823825,0 77.5562661643407,12.852326209556,0 77.5560614970498,12.8517639677652,0 77.555843364911,12.8513415306374,0 77.555351599618,12.8515726462179,0 77.5552275790443,12.8513308220369,0</coordinates></LinearRing></outerBoundaryIs></Polygon></MultiGeometry>
  </Placemark>
  <Placemark>
	<Style><LineStyle><color>ff0000ff</color></LineStyle><PolyStyle><fill>0</fill></PolyStyle></Style>
	<ExtendedData><SchemaData schemaUrl="#alloted_handed_gba">
		<SimpleData name="fid">18</SimpleData>
		<SimpleData name="OBJECTID">1</SimpleData>
		<SimpleData name="LAYOUT_NO">BLR_59</SimpleData>
		<SimpleData name="LAYOUT_NAM">SIR M VISHWESHWARAYYA</SimpleData>
		<SimpleData name="Division">WEST</SimpleData>
		<SimpleData name="CITY_NAME">BANGALORE</SimpleData>
		<SimpleData name="ENGG_QUERY">WITH IN BDAFORMED BOUNDARY</SimpleData>
		<SimpleData name="Shape_Leng">17061.1878662458</SimpleData>
		<SimpleData name="Shape_Area">8683839.45820149</SimpleData>
		<SimpleData name="div_lay">WEST#SIR M VISHWESHWARAYYA</SimpleData>
		<SimpleData name="ID">W - 1</SimpleData>
		<SimpleData name="path">D:/5.BDA Audit/Layout/Shapefiles/Layout Boundary R1.shp</SimpleData>
		<SimpleData name="uid">18</SimpleData>
		<SimpleData name="KGISVillageName">Nagadevanahalli,Sonnenahalli,Gidadhakonenahalli,Herohalli,Mallathahalli,K.G.Ullalu,J.I.Manganahalli,Ramasandra,Kodigehalli,Kommagatta,Kengeri,Valagerahalli</SimpleData>
		<SimpleData name="HobliName">Kengeri-1,Kengeri-1,Yashavantapura-2,Yashavantapura-2,Yashavantapura-2,Yashavantapura-2,Yashavantapura-2,Kengeri-1,Yashavantapura-2,Kengeri-1,Kengeri-1,Kengeri-1</SimpleData>
	</SchemaData></ExtendedData>
      <MultiGeometry><Polygon><outerBoundaryIs><LinearRing><coordinates>77.4732454972133,12.9663183478825,0 77.4735141124479,12.9672617046648,0 77.4741776801995,12.9684419956106,0 77.4747116076334,12.9694118938833,0 77.4748522383459,12.969626503443,0 77.475070379657,12.9703702209485,0 77.475118891896,12.9717099648745,0 77.4757173553064,12.9716613083201,0 77.4762562499526,12.9716103900052,0 77.4766005765594,12.9715799929861,0 77.4768992256434,12.9715589330717,0 77.4772032055508,12.9715273814258,0 77.4776329121268,12.9714923171996,0 77.4780940956017,12.9714634657708,0 77.4784481227885,12.9714249225246,0 77.4784712396782,12.9714451642954,0 77.4786738978751,12.9714349144865,0 77.4788852339823,12.9713687525416,0 77.4790799100254,12.971391638178,0 77.4791086941303,12.9713957551771,0 77.4792182677516,12.9713963117362,0 77.4793657736391,12.9713984818422,0 77.479355393812,12.9710123860154,0 77.4793649938812,12.9708232764316,0 77.4797213973124,12.9707733610775,0 77.4797331562574,12.9708458590678,0 77.4797119200443,12.9709732309747,0 77.4797057763999,12.9713120487894,0 77.4796873369333,12.9713636202241,0 77.4796371977537,12.9714013603738,0 77.4805757607368,12.9713041618211,0 77.4814698757418,12.9710797166469,0 77.4819002193406,12.9709335534063,0 77.4822303846472,12.9708313349954,0 77.4824851645465,12.9707520584932,0 77.482543142378,12.9707338131189,0 77.4831860767502,12.9703403593808,0 77.4838555028538,12.9700133881204,0 77.484215524703,12.9698560943046,0 77.4852416608816,12.9684265537678,0 77.4856112041232,12.9677535157666,0 77.4859588484249,12.9668749895226,0 77.4860654837001,12.965496163724,0 77.4861927653635,12.9644324007361,0 77.4862151375594,12.9632764406725,0 77.4862375105542,12.9621204805518,0 77.4860087697189,12.9608405704046,0 77.4859068326505,12.9601805167189,0 77.4857261685807,12.959144442964,0 77.4855455067921,12.9581083687381,0 77.4855182750835,12.9579723924414,0 77.485302161432,12.9570650502673,0 77.4850860499339,12.9561577075725,0 77.4850157404555,12.9552908373579,0 77.4857413442228,12.9549315481389,0 77.4857041565118,12.9547616293203,0 77.4855533683825,12.9543959937489,0 77.4855266630238,12.9537345817371,0 77.4855425739785,12.9534472215274,0 77.4855045698663,12.9532090526619,0 77.485205599584,12.9529003292897,0 77.4850817117191,12.95241666435,0 77.4852125608579,12.952519920499,0 77.4857623649305,12.9524716936129,0 77.4859095979671,12.9525137961071,0 77.4864190595549,12.952508933442,0 77.4862921529222,12.9518940276676,0 77.4864383598306,12.9518087911378,0 77.4875327752798,12.9511448880685,0 77.4886271843868,12.9504809814181,0 77.4886513520196,12.9503678809311,0 77.488728980454,12.9498326902986,0 77.4887201817383,12.949575137279,0 77.4887919136255,12.9493521407236,0 77.4878088032558,12.9478794423139,0 77.4877161913759,12.9477497981974,0 77.4871337455982,12.946858358445,0 77.4868588058458,12.9464714312936,0 77.4859407079493,12.9451810853318,0 77.4854883416142,12.9443078926387,0 77.4853784335721,12.944080660047,0 77.4849308513585,12.9433244233457,0 77.4847760034384,12.9426409824984,0 77.4848281447803,12.9425875296063,0 77.4847225649248,12.9416066463018,0 77.4846169866122,12.9406257627379,0 77.4839966456056,12.9403046619617,0 77.4839839381115,12.9398761709814,0 77.4839977678466,12.9389343801097,0 77.4840115981448,12.9379925891947,0 77.4840254290061,12.9370507982363,0 77.4840309025074,12.9370364705558,0 77.4838493160599,12.9361351417338,0 77.483667731506,12.9352338124921,0 77.4834861488454,12.9343324828307,0 77.4836551747486,12.9336532023434,0 77.4835359641602,12.9329100442055,0 77.4830651851901,12.9324642854399,0 77.4833081994932,12.931597573874,0 77.4829449804014,12.9305069016328,0 77.4825817652691,12.9294162282298,0 77.4822185540958,12.928325553665,0 77.4815427412886,12.9274370208506,0 77.4812342236057,12.9268202444286,0 77.4805994377668,12.9258192610531,0 77.4803192509212,12.925899331073,0 77.4799988701122,12.9255825684841,0 77.4801052758622,12.9249860828515,0 77.4802516342604,12.924984968665,0 77.4803639713982,12.9242491905575,0 77.4799650525943,12.9240947706068,0 77.4796246798221,12.9232358557816,0 77.4792843098511,12.9223769400385,0 77.4790057578696,12.9214605305152,0 77.4789165891777,12.9211005423372,0 77.4787905313473,12.9200755920858,0 77.4787287157216,12.9197278558585,0 77.4784877789377,12.9194191609046,0 77.4784865460942,12.9194031261051,0 77.4784054894284,12.9193282156426,0 77.4783085068752,12.919363757503,0 77.4773006439464,12.9194893738025,0 77.4770654664851,12.9202449718905,0 77.4766922425607,12.9204238688985,0 77.4766938628417,12.9211202197309,0 77.4766382222627,12.9213979055511,0 77.4764155787674,12.9224864500023,0 77.4746839023614,12.9229697729527,0 77.4738411318879,12.9230348683908,0 77.4734710839949,12.9229529370684,0 77.472664781944,12.92332954956,0 77.4721278167593,12.9234661688178,0 77.4717337288948,12.9224266735429,0 77.4713396449933,12.9213871770075,0 77.4709044326964,12.9202308951885,0 77.4704692252748,12.9190746118259,0 77.469321706775,12.9203815726516,0 77.4698497427233,12.92117693478,0 77.470377782292,12.9219722951908,0 77.4709058254814,12.9227676538838,0 77.4714338722919,12.9235630108587,0 77.4710338003153,12.9239386401621,0 77.47100804276,12.9239691767534,0 77.4707522953597,12.9242227498279,0 77.4703742173546,12.9245010086146,0 77.4701738741419,12.9246711841587,0 77.4699191977322,12.9248724363611,0 77.4697241872252,12.9250595831598,0 77.4695163445007,12.9252278103364,0 77.4692787252261,12.9254362142272,0 77.4690523906626,12.9256310928083,0 77.4694378124579,12.9266761947246,0 77.4698232381755,12.9277212954156,0 77.4695250916155,12.9278546831898,0 77.4689825815558,12.9281398994831,0 77.4682605897063,12.9285121301548,0 77.4680797583162,12.9286150731699,0 77.4668592104876,12.9294377925624,0 77.4661290676049,12.9299307277937,0 77.466021042671,12.9300021481268,0 77.4655428189521,12.9303092990987,0 77.465500297431,12.930565329169,0 77.4653334007666,12.9306368371619,0 77.4652219566657,12.9308672629396,0 77.4651534608217,12.9309017375333,0 77.4650116988161,12.9309837117657,0 77.4649264518161,12.9310508169285,0 77.4651575127157,12.9316756121067,0 77.4653576996756,12.9323436529448,0 77.465546667248,12.9327845529815,0 77.4658338046682,12.9325815088749,0 77.4663043381233,12.9325952766555,0 77.4663950639023,12.9330169706587,0 77.4662564830373,12.9331246286271,0 77.4660738660629,12.9333316931907,0 77.4659872425106,12.9336912152359,0 77.4658029182388,12.9338545291078,0 77.4652937469731,12.934119272374,0 77.4650386016485,12.9343892858741,0 77.4652566921757,12.9346922774429,0 77.4659025812636,12.9356325178972,0 77.4665484755588,12.9365727558161,0 77.4663432760662,12.9366605427148,0 77.4670410780425,12.9379363338664,0 77.4669182648137,12.9380036700426,0 77.4666567083964,12.9379860154887,0 77.4665389124991,12.937778518396,0 77.4662838025061,12.9378468088513,0 77.4664769775023,12.9383152721669,0 77.4670917800251,12.9381480915565,0 77.4673026029728,12.9379429751808,0 77.4675058733411,12.9379190925055,0 77.4673566795911,12.9383061745986,0 77.467786722887,12.9388995267845,0 77.4681128372012,12.9387541687837,0 77.4683057993771,12.9393147124218,0 77.4683732235789,12.9402596193764,0 77.4677845626335,12.9404171454187,0 77.4677218158993,12.9409332350346,0 77.4680023018037,12.9416019606069,0 77.4683765757028,12.9415521793628,0 77.4688546264387,12.9428835002456,0 77.4693533976548,12.9427474396699,0 77.4694192676912,12.9428508736646,0 77.4693662605941,12.9431483023906,0 77.4693002886865,12.9433585280227,0 77.4693723449778,12.9435880071953,0 77.4694894451921,12.9438287451785,0 77.4694783242776,12.9440234586859,0 77.4694995099982,12.9444039635579,0 77.4696207946392,12.945598370836,0 77.4694220681321,12.9459510891522,0 77.4700523858121,12.9465413271914,0 77.4703298547553,12.9475156981393,0 77.4705227147494,12.9475138695611,0 77.4706374549778,12.9481193271488,0 77.4708214400549,12.9491605816075,0 77.4709047829255,12.9491557417756,0 77.4710965821998,12.949527521938,0 77.4711419437547,12.9502615920581,0 77.4711133044449,12.9507764316875,0 77.4711774497256,12.9507746981915,0 77.4711265208332,12.9510316749217,0 77.4712436360892,12.9515087062326,0 77.4712594062875,12.9515613229297,0 77.4712952124084,12.9521447008574,0 77.471230441346,12.952708120913,0 77.4712991767585,12.9538490238224,0 77.4712219855102,12.9540092567051,0 77.4714238026596,12.954251928795,0 77.4713828083948,12.9548417480678,0 77.47125918565,12.9549614378529,0 77.4712572724637,12.9556777543956,0 77.4712019907377,12.9561873919607,0 77.471472683961,12.956692699122,0 77.4709342201582,12.9567229662928,0 77.4708018690447,12.9557581542775,0 77.4702872536885,12.9556738383677,0 77.4702673579133,12.9565153447384,0 77.4701417822607,12.9567462336518,0 77.4703327398124,12.9568324141221,0 77.4708317482916,12.9571262106495,0 77.4711061674115,12.9575473925192,0 77.4714497818906,12.9575706149637,0 77.4714644933936,12.9577169214582,0 77.471177883209,12.957810250607,0 77.4712249015442,12.9580110563461,0 77.4716658722791,12.958375532109,0 77.4716329685762,12.958705594543,0 77.4717834354723,12.9597391126273,0 77.4713785719494,12.9601400296674,0 77.4717851088937,12.9613257702363,0 77.4716198631189,12.9619278030518,0 77.4717501940332,12.9619388100263,0 77.4718695503997,12.9622924447311,0 77.4717242411707,12.9623883084027,0 77.4718404219722,12.9636063292689,0 77.472327962626,12.9634992219026,0 77.4724396673598,12.9634882733084,0 77.4727082746695,12.9644316322042,0 77.4729768846205,12.9653749903956,0 77.4732454972133,12.9663183478825,0</coordinates></LinearRing></outerBoundaryIs></Polygon></MultiGeometry>
  </Placemark>
  <Placemark>
	<Style><LineStyle><color>ff0000ff</color></LineStyle><PolyStyle><fill>0</fill></PolyStyle></Style>
	<ExtendedData><SchemaData schemaUrl="#alloted_handed_gba">
		<SimpleData name="fid">39</SimpleData>
		<SimpleData name="OBJECTID">1</SimpleData>
		<SimpleData name="LAYOUT_NO">BLR_10</SimpleData>
		<SimpleData name="LAYOUT_NAM">FURTHER EXTENSTION OF 9TH BLOCK JAYANAGAR</SimpleData>
		<SimpleData name="Division">SOUTH</SimpleData>
		<SimpleData name="CITY_NAME">BANGALORE</SimpleData>
		<SimpleData name="Shape_Leng">4190.19160942432</SimpleData>
		<SimpleData name="Shape_Area">1038790.33937475</SimpleData>
		<SimpleData name="div_lay">SOUTH#FURTHER EXTENSTION OF 9TH BLOCK JAYANAGAR</SimpleData>
		<SimpleData name="ID">S - 29</SimpleData>
		<SimpleData name="path">D:/5.BDA Audit/Layout/Shapefiles/Layout Boundary R1.shp</SimpleData>
		<SimpleData name="uid">39</SimpleData>
		<SimpleData name="KGISVillageName">Byrasandra,Marenahalli,K.G.Nyanappanashetty Palya,Tavarekere</SimpleData>
		<SimpleData name="HobliName">Uttarahalli-5,Uttarahalli-1,Beguru-3,Beguru-1</SimpleData>
	</SchemaData></ExtendedData>
      <MultiGeometry><Polygon><outerBoundaryIs><LinearRing><coordinates>77.6002684786389,12.9261771023219,0 77.6002117530772,12.924937841727,0 77.6001966704968,12.9243953971272,0 77.6001297255145,12.9231457699717,0 77.6001250238343,12.923043037694,0 77.6000773592009,12.9219862576108,0 77.600054105572,12.9214707054141,0 77.6000357098071,12.9210628248117,0 77.6000224974618,12.9207698797997,0 77.6000107867773,12.9205102429741,0 77.5999453705582,12.9191982909671,0 77.5998981090923,12.9182504107692,0 77.5998820155564,12.9179203198329,0 77.5998172017917,12.9165909015788,0 77.5998064703669,12.9163707764842,0 77.5983789452811,12.916294887643,0 77.5972094175588,12.9156449772941,0 77.5959915686436,12.9152914363059,0 77.5942522953455,12.9147267104199,0 77.5934896239047,12.9148542711703,0 77.5932005364058,12.9149026219244,0 77.5929273005166,12.9153290323509,0 77.5929036993177,12.9153939312144,0 77.5927826490483,12.9157267908805,0 77.5926897667597,12.91598401414,0 77.5925868366555,12.9164279153377,0 77.5928711408105,12.9165386248527,0 77.5923618911834,12.9173892095794,0 77.5923025806596,12.9176408315865,0 77.5918341454785,12.918960273281,0 77.5913667798128,12.9200883341516,0 77.5912531238806,12.920124074009,0 77.5911242152905,12.9203856326661,0 77.5909754366994,12.9208224706007,0 77.5907568574081,12.9216223185833,0 77.5901796642429,12.9229098619459,0 77.5899767589299,12.9232165399062,0 77.5912342376108,12.9233247388456,0 77.5912172104301,12.9242560113891,0 77.5916149452479,12.9242518686526,0 77.5916678286863,12.9242245682681,0 77.592105148495,12.9243019329171,0 77.5921448987125,12.92493098638,0 77.5926784328927,12.9251340209033,0 77.5938924409271,12.9252371106076,0 77.5949109848433,12.9254159282267,0 77.5954676861516,12.9255302299421,0 77.5959734967156,12.9257987544957,0 77.596304013412,12.9259740971527,0 77.5964697229283,12.9260620077302,0 77.5965478738213,12.9260746388771,0 77.5974150860058,12.9262147983903,0 77.5979635104836,12.9263861815507,0 77.5989591652879,12.9264990820747,0 77.5997114135519,12.926286676986,0 77.6002684786389,12.9261771023219,0</coordinates></LinearRing></outerBoundaryIs></Polygon></MultiGeometry>
  </Placemark>
  <Placemark>
	<Style><LineStyle><color>ff0000ff</color></LineStyle><PolyStyle><fill>0</fill></PolyStyle></Style>
	<ExtendedData><SchemaData schemaUrl="#alloted_handed_gba">
		<SimpleData name="fid">48</SimpleData>
		<SimpleData name="OBJECTID">1</SimpleData>
		<SimpleData name="LAYOUT_NO">BLR_61_1</SimpleData>
		<SimpleData name="LAYOUT_NAM">FURTHER EXTENSTION OF BANASHANKARI 6TH STAGE</SimpleData>
		<SimpleData name="Division">SOUTH</SimpleData>
		<SimpleData name="CITY_NAME">BANGALORE</SimpleData>
		<SimpleData name="ENGG_QUERY">WITH IN BDA BOUNDARY</SimpleData>
		<SimpleData name="Shape_Leng">25515.8637578278</SimpleData>
		<SimpleData name="Shape_Area">7926274.60696269</SimpleData>
		<SimpleData name="div_lay">SOUTH#FURTHER EXTENSTION OF BANASHANKARI 6TH STAGE</SimpleData>
		<SimpleData name="ID">S - 31</SimpleData>
		<SimpleData name="path">D:/5.BDA Audit/Layout/Shapefiles/Layout Boundary R1.shp</SimpleData>
		<SimpleData name="uid">48</SimpleData>
		<SimpleData name="KGISVillageName">Rachanamadu,Badamanavarthekaval,Uttarahalli Manavarthekaval,Lingadeeranahalli,Hosahalli,Raghuvanahalli,Thalagattapura,K.G.Vajarahalli,Doddakallasandra,Gubbalalu,Thurahalli,Uttarahalli,J.I.Vasanthapura,Marasandra (Subramanyapura)</SimpleData>
		<SimpleData name="HobliName">Kengeri-3,Kengeri-3,Uttarahalli-2,Kengeri-3,Uttarahalli-2,Uttarahalli-2,Uttarahalli-2,Uttarahalli-2,Uttarahalli-1,Uttarahalli-4,Uttarahalli-4,Uttarahalli-4,Uttarahalli-4,Uttarahalli-4</SimpleData>
	</SchemaData></ExtendedData>
      <MultiGeometry><Polygon><outerBoundaryIs><LinearRing><coordinates>77.5253769648771,12.8577627733779,0 77.5240598987393,12.8584227992206,0 77.5227590905765,12.858492348709,0 77.5214582804552,12.8585618918695,0 77.5209738817948,12.8594497383341,0 77.520489480152,12.8603375844809,0 77.5200050755266,12.8612254303096,0 77.5195206679182,12.8621132758201,0 77.5185260494382,12.8612596150108,0 77.5168124388128,12.8608217130008,0 77.5167904274024,12.8618926904985,0 77.5167684166789,12.8629636679501,0 77.5162429427937,12.8628977156344,0 77.514928665767,12.8627712539806,0 77.5141412771013,12.8622107133426,0 77.514033048301,12.8612628037948,0 77.5136624427435,12.8600987587217,0 77.5127838649828,12.8607751179877,0 77.5123586406813,12.8609127291246,0 77.5123946560877,12.8611146985846,0 77.5126363007603,12.8614328345679,0 77.5128742680797,12.8614258858996,0 77.5129209346634,12.8619660001297,0 77.5130098640603,12.8630870438552,0 77.5130994033482,12.8634383741756,0 77.5128595747362,12.8646572779676,0 77.512543066554,12.8646937242393,0 77.5122236635832,12.8642217341425,0 77.5119292478092,12.8642576911805,0 77.5119233603859,12.864491414314,0 77.5124029643713,12.8657462067111,0 77.5127538993174,12.8656292030303,0 77.5127184036032,12.8655370885,0 77.513061804007,12.8654077259083,0 77.5131485524956,12.8657552217632,0 77.513537947559,12.8656852879306,0 77.5137405054789,12.8659769071474,0 77.5149392744934,12.8659293765134,0 77.5154364469616,12.8667411948033,0 77.5154165255679,12.8670409485455,0 77.5155934039584,12.8671558813962,0 77.515727606324,12.8674620031085,0 77.5155003152392,12.8679544249008,0 77.51624303085,12.8686299049341,0 77.5169857503866,12.8693053820923,0 77.5179292579356,12.8701977149841,0 77.5188324500751,12.871038542832,0 77.520122751938,12.8722544319364,0 77.5198659247119,12.8734378661127,0 77.5196484711871,12.8743684744675,0 77.519431016681,12.8752990828793,0 77.5191067697986,12.8765666332059,0 77.5201558434095,12.8776132191239,0 77.5204600620423,12.8785206827104,0 77.520764283429,12.8794281454808,0 77.52106850757,12.880335607435,0 77.5213727344654,12.8812430685729,0 77.5216769641155,12.8821505288943,0 77.5219811965205,12.8830579883993,0 77.5222854316806,12.8839654470877,0 77.5229795528813,12.8850343424389,0 77.5236736804984,12.8861032347771,0 77.5235455974512,12.8873772026495,0 77.523417514335,12.8886511705876,0 77.5235785607346,12.8896052995875,0 77.5237396090329,12.8905594281995,0 77.5239076483551,12.8915300389913,0 77.5247949430928,12.8910119266333,0 77.5253868083555,12.8906348684062,0 77.5256995375646,12.8904717357899,0 77.5264433214789,12.8910957772727,0 77.5271871089751,12.8917198159279,0 77.5278020546131,12.892436464058,0 77.528707741744,12.8925188704274,0 77.528848159953,12.8929930685786,0 77.5289227215023,12.8933227895787,0 77.5289967595566,12.8936936604432,0 77.5293254613849,12.8936145070452,0 77.5298875428282,12.8935276542074,0 77.5303829069812,12.8932841777645,0 77.5303594942415,12.8935694072684,0 77.5303967412789,12.8940004540524,0 77.530191257898,12.8940997265609,0 77.52945654719,12.8941833491982,0 77.5291086149107,12.8942539622689,0 77.5291305985991,12.8943308795699,0 77.5291820241683,12.8945669564676,0 77.5291445934217,12.8948926926355,0 77.5290643996568,12.8950334209199,0 77.52924867605,12.8952637760257,0 77.5296508608573,12.8950340796455,0 77.5299645931215,12.894851692568,0 77.5303063557078,12.894658337834,0 77.5305139956135,12.8945457963905,0 77.5306318221234,12.8945936145684,0 77.5308010624514,12.8942635693438,0 77.5308080103574,12.8941092623134,0 77.5306824910396,12.8932290514447,0 77.5310397229536,12.8933355581622,0 77.5313455367871,12.8932206501474,0 77.5313552421932,12.8929761185049,0 77.5315955150344,12.8929163318364,0 77.5318294969067,12.8929479700975,0 77.5317079784904,12.8916664207603,0 77.5325740746419,12.8913410221895,0 77.5334401680795,12.8910156211565,0 77.5335687966981,12.8916001328089,0 77.5340837982761,12.8911201951939,0 77.5349126863279,12.8911472377364,0 77.5349771138855,12.89127481704,0 77.5351141070619,12.8925807410913,0 77.5342917727771,12.8929870462206,0 77.5344125586143,12.8933153241181,0 77.534400522895,12.8935383330331,0 77.5348707082452,12.8932937514722,0 77.5353008321088,12.8932010622536,0 77.535689323193,12.894531414077,0 77.535936618738,12.8951808329317,0 77.5358774959788,12.8953053708246,0 77.5357650765299,12.895417250928,0 77.5359261577546,12.8954952974217,0 77.5361127823305,12.895359026147,0 77.5360735132815,12.8951408706502,0 77.535781180095,12.8943364153594,0 77.5355462998272,12.8932013059681,0 77.5357208966994,12.8931496489056,0 77.5355542013172,12.8922011392069,0 77.5353875078629,12.8912526291064,0 77.5356657874525,12.8910260352696,0 77.5361479660319,12.8916518285542,0 77.5364314572263,12.8924754922433,0 77.5372195139999,12.8932107049159,0 77.5387250287926,12.8928826049656,0 77.5385517350512,12.8918686980013,0 77.5383784434754,12.8908547905914,0 77.5383115290027,12.8897480064927,0 77.5382446160573,12.888641222183,0 77.5383019226932,12.8882925466841,0 77.5385074557281,12.8881157266801,0 77.5387094288354,12.8881506782876,0 77.5396458733896,12.8885036978232,0 77.5405823200193,12.8888567135051,0 77.540470655854,12.8891944097749,0 77.5411374059928,12.8891021106428,0 77.5412649678255,12.8898822068064,0 77.5407488684831,12.8900901873923,0 77.5404190921948,12.889906520388,0 77.540822059022,12.8907265975749,0 77.5412250288747,12.8915466736047,0 77.5416280017531,12.8923667484773,0 77.5420309776574,12.8931868221924,0 77.542433956588,12.8940068947501,0 77.5435073257116,12.8936933978006,0 77.54458069138,12.8933798969329,0 77.5456540535928,12.8930663921475,0 77.5467274123498,12.8927528834447,0 77.5471271678442,12.8914567475934,0 77.5475269203949,12.8901606117844,0 77.5475968718865,12.8890188442659,0 77.5472385617674,12.8889575955453,0 77.5466388193055,12.8890584104377,0 77.5464661530169,12.8907698577083,0 77.5455770592361,12.8911972903798,0 77.5453317038409,12.8902291053746,0 77.5451087829181,12.8900768512373,0 77.5451701381185,12.8896337580183,0 77.544764320486,12.889411012014,0 77.5439678495818,12.8899517528589,0 77.5435993973906,12.8898065065133,0 77.5428963427182,12.8902211268074,0 77.5419575576389,12.8906953763005,0 77.5415434405428,12.8891378216101,0 77.543030418901,12.8885183514725,0 77.5427583487192,12.887718245502,0 77.5425482618229,12.8871577018344,0 77.5422396275285,12.8865517608898,0 77.5421262039356,12.885976455374,0 77.5419879373736,12.8858685132073,0 77.5419108096492,12.8857755524631,0 77.5417397138303,12.8858248185864,0 77.5416640473769,12.8860696453473,0 77.541412011471,12.8861390073297,0 77.5411389724231,12.886146983295,0 77.5410838468605,12.8862664339635,0 77.5410072868279,12.8859846369901,0 77.5410546572145,12.8853122187537,0 77.5412167244686,12.8853007575687,0 77.5412429388219,12.8853990616287,0 77.541384567765,12.8853993616009,0 77.5413977124342,12.8853381887977,0 77.5415818268574,12.8853178529518,0 77.5412352415064,12.8843262119133,0 77.5410435151661,12.8834236708944,0 77.5410881420139,12.8833978549012,0 77.5411045889981,12.8827193142164,0 77.5409332164212,12.8818424783616,0 77.5410738428922,12.8817980871687,0 77.5407392374623,12.881548334115,0 77.5415024642979,12.8812170571002,0 77.541793780556,12.8821261768825,0 77.5411477129556,12.8822806657991,0 77.541237629618,12.8828680695496,0 77.541178701275,12.8833586561897,0 77.541285613436,12.8838220246967,0 77.541431300205,12.8843894515589,0 77.5416652984796,12.8852888654422,0 77.5418899959097,12.8855037590065,0 77.5420606828748,12.8857493076413,0 77.5424462569213,12.8856659226286,0 77.5423452736271,12.8854565032005,0 77.5428165522766,12.8852404843408,0 77.5429076913064,12.8855833808402,0 77.5428702476774,12.8856107490079,0 77.5429509785725,12.8861579447728,0 77.5441615657783,12.8860674569321,0 77.5453721510326,12.8859769636464,0 77.5453263347014,12.8875538122685,0 77.5456786499481,12.8880635026848,0 77.5456329561876,12.8889170729317,0 77.5461702146462,12.8885040389164,0 77.5471333360699,12.8879568633871,0 77.5476576440045,12.8882598400251,0 77.5477646547971,12.8869233471146,0 77.5472632733029,12.8856761502593,0 77.5467618977932,12.884428951407,0 77.5455397905768,12.8835176301182,0 77.5451712762752,12.8825770331862,0 77.5448027653097,12.8816364351598,0 77.5444723453416,12.8809605143712,0 77.544809423583,12.8808933077979,0 77.5455117110997,12.8806030014999,0 77.5457899653012,12.8803344567743,0 77.5453626471341,12.8792949288115,0 77.5450220218027,12.8785460799809,0 77.5438450764259,12.8790619994304,0 77.5435593177855,12.8779018098764,0 77.5435358177568,12.8777295996724,0 77.5434997483504,12.8775132480272,0 77.5434190355418,12.8771450690649,0 77.5431741298345,12.8771446396819,0 77.5430805818226,12.8775556091536,0 77.5429608888719,12.8775898340754,0 77.5427001085903,12.8775192683634,0 77.5426811997299,12.8777971633566,0 77.5428803748578,12.878785099342,0 77.5435305192856,12.878660497157,0 77.543648743157,12.8791058566156,0 77.5428695982571,12.8792324048609,0 77.5425041835019,12.8794058430385,0 77.5424517368639,12.8794664297322,0 77.541871753258,12.8796301481797,0 77.541872518022,12.8796710274187,0 77.5411995187756,12.8798319858699,0 77.5411267787249,12.8798107691682,0 77.5399472273931,12.8800654674205,0 77.5398656235245,12.8791552734715,0 77.5401689236156,12.8788513730231,0 77.5401771105412,12.8788071214036,0 77.5404711498993,12.87883841264,0 77.5404769402993,12.8782313412929,0 77.540203959062,12.8774389768607,0 77.5400822082988,12.8768294185992,0 77.5400231602345,12.8766002392414,0 77.5396220028028,12.8764441464385,0 77.5395681767314,12.8759938815058,0 77.539545862222,12.8755080495463,0 77.5406840822653,12.875323107466,0 77.5413183609299,12.8751220056022,0 77.5413326209538,12.8754090834827,0 77.5413813831606,12.8756910369356,0 77.5414218518157,12.8756891019765,0 77.5414269386005,12.8759000650463,0 77.5413953687902,12.8766187832197,0 77.5409784755607,12.8765635806957,0 77.5409812934299,12.8769598801275,0 77.5407041770515,12.8769869181473,0 77.5407614602825,12.8773254569994,0 77.5411378347583,12.8772827437939,0 77.5410958821376,12.877652783395,0 77.5419069099627,12.8777590078369,0 77.5420683671753,12.8773002159363,0 77.5422927678227,12.8767426882686,0 77.5424397517883,12.876314120134,0 77.543047511201,12.8763268105832,0 77.5428627575758,12.8758538463552,0 77.5436782006493,12.8757086246747,0 77.5430613605003,12.8752565269189,0 77.5423519285426,12.8749118197929,0 77.5422701196634,12.8748926171151,0 77.5421329771568,12.8749217157402,0 77.5421406003459,12.8747869060446,0 77.5416230199132,12.8745722171906,0 77.5407263469423,12.8747156133308,0 77.5400407535841,12.8748326350622,0 77.5400158538016,12.87477197094,0 77.5390843794986,12.8749287611097,0 77.5391423551304,12.8747882826888,0 77.5406711986534,12.87437584817,0 77.5409789234093,12.8743050482467,0 77.5403273170987,12.8738224126483,0 77.5397301288147,12.8732061494705,0 77.5396545701515,12.8730933204919,0 77.539566821676,12.873122449,0 77.5393150353542,12.872803807792,0 77.5393564914067,12.8727606055688,0 77.5390656017858,12.8723954595812,0 77.5383266262974,12.8714253043478,0 77.5380216772576,12.8710608284739,0 77.5379283070121,12.871081952388,0 77.5379209038109,12.8709435182287,0 77.5376663658062,12.8706211664621,0 77.5370717205232,12.8698863178219,0 77.5364507054866,12.8691399025044,0 77.5357082105495,12.8682494254463,0 77.5356425194914,12.868126457289,0 77.5355353336281,12.8681780822649,0 77.535511304592,12.8679960580705,0 77.5353409253261,12.8677507184484,0 77.5350815302309,12.8673754604298,0 77.5345540530142,12.8666137730456,0 77.533931270621,12.8658177321697,0 77.5335543449819,12.8653547168605,0 77.5329496564019,12.8647380811508,0 77.5329231474901,12.864487226626,0 77.5324742364735,12.8647847278951,0 77.532255917849,12.865320132113,0 77.5318835941314,12.8651823167483,0 77.5317801698023,12.8651040919817,0 77.5318313076029,12.8653788189814,0 77.5311210628237,12.8655452453052,0 77.5305989489144,12.8656434415588,0 77.5305263937333,12.8654949241091,0 77.5302485449823,12.8650839861629,0 77.5301583881258,12.8647547963899,0 77.5300702159076,12.86457430973,0 77.5297846049999,12.8645121625354,0 77.5297761605555,12.8644242020505,0 77.529145681903,12.8643255745541,0 77.5290823502719,12.8642943661523,0 77.5289922313853,12.8639926068063,0 77.5286743826062,12.8633289595777,0 77.5296763916656,12.8633632062718,0 77.5295936275992,12.8632641847876,0 77.529418658705,12.8625461020682,0 77.5293450782126,12.8624601274265,0 77.5291057990878,12.8621125899325,0 77.5297100202564,12.8618437977718,0 77.5295916256109,12.8616866725101,0 77.5293643879915,12.8613229959212,0 77.5290849730617,12.8607049460481,0 77.5286586952388,12.8597903311781,0 77.5283210006204,12.8591679148244,0 77.5275590784751,12.8578417797999,0 77.5272039570107,12.857448292059,0 77.5266629441958,12.8569507438725,0 77.5264586548697,12.8569392749281,0 77.5256275762404,12.8579247846391,0 77.5253769648771,12.8577627733779,0</coordinates></LinearRing></outerBoundaryIs></Polygon></MultiGeometry>
  </Placemark>
  <Placemark>
	<Style><LineStyle><color>ff0000ff</color></LineStyle><PolyStyle><fill>0</fill></PolyStyle></Style>
	<ExtendedData><SchemaData schemaUrl="#alloted_handed_gba">
		<SimpleData name="fid">49</SimpleData>
		<SimpleData name="OBJECTID">2</SimpleData>
		<SimpleData name="LAYOUT_NO">BLR_61_2</SimpleData>
		<SimpleData name="LAYOUT_NAM">FURTHER EXTENSTION OF BANASHANKARI 6TH STAGE</SimpleData>
		<SimpleData name="Division">SOUTH</SimpleData>
		<SimpleData name="CITY_NAME">BANGALORE</SimpleData>
		<SimpleData name="ENGG_QUERY">WITH IN BDA BOUNDARY</SimpleData>
		<SimpleData name="Shape_Leng">535.242707129754</SimpleData>
		<SimpleData name="Shape_Area">15619.6131936831</SimpleData>
		<SimpleData name="div_lay">SOUTH#FURTHER EXTENSTION OF BANASHANKARI 6TH STAGE</SimpleData>
		<SimpleData name="ID">S - 32</SimpleData>
		<SimpleData name="path">D:/5.BDA Audit/Layout/Shapefiles/Layout Boundary R1.shp</SimpleData>
		<SimpleData name="uid">49</SimpleData>
		<SimpleData name="KGISVillageName">Thurahalli</SimpleData>
		<SimpleData name="HobliName">Uttarahalli-4</SimpleData>
	</SchemaData></ExtendedData>
      <MultiGeometry><Polygon><outerBoundaryIs><LinearRing><coordinates>77.5305241339382,12.8947595360845,0 77.5304409575728,12.8947887736465,0 77.5301562219363,12.8949804631818,0 77.5296857583808,12.8952213645484,0 77.5295082255528,12.8953890931497,0 77.5295271595784,12.8954865741205,0 77.5294969420913,12.8955000057729,0 77.5294505495196,12.8955014337173,0 77.5293536845951,12.8955472675065,0 77.529319644318,12.8957099493481,0 77.5294518959701,12.8959370897925,0 77.5294974160142,12.895981379468,0 77.5296019312378,12.8959571282725,0 77.529965583167,12.8958639169664,0 77.530259109541,12.8957433710081,0 77.5310930346663,12.8955479881109,0 77.5311657912393,12.8954305168916,0 77.5312738466894,12.8953731160311,0 77.5309527513882,12.8949585914741,0 77.5308148239556,12.8948661045784,0 77.5305241339382,12.8947595360845,0</coordinates></LinearRing></outerBoundaryIs></Polygon></MultiGeometry>
  </Placemark>
  <Placemark>
	<Style><LineStyle><color>ff0000ff</color></LineStyle><PolyStyle><fill>0</fill></PolyStyle></Style>
	<ExtendedData><SchemaData schemaUrl="#alloted_handed_gba">
		<SimpleData name="fid">50</SimpleData>
		<SimpleData name="OBJECTID">3</SimpleData>
		<SimpleData name="LAYOUT_NO">BLR_61_3</SimpleData>
		<SimpleData name="LAYOUT_NAM">FURTHER EXTENSTION OF BANASHANKARI 6TH STAGE</SimpleData>
		<SimpleData name="Division">SOUTH</SimpleData>
		<SimpleData name="CITY_NAME">BANGALORE</SimpleData>
		<SimpleData name="ENGG_QUERY">WITH IN BDA BOUNDARY</SimpleData>
		<SimpleData name="Shape_Leng">409.41587141561</SimpleData>
		<SimpleData name="Shape_Area">6780.45398936388</SimpleData>
		<SimpleData name="div_lay">SOUTH#FURTHER EXTENSTION OF BANASHANKARI 6TH STAGE</SimpleData>
		<SimpleData name="ID">S - 33</SimpleData>
		<SimpleData name="path">D:/5.BDA Audit/Layout/Shapefiles/Layout Boundary R1.shp</SimpleData>
		<SimpleData name="uid">50</SimpleData>
		<SimpleData name="KGISVillageName">Thurahalli,Uttarahalli</SimpleData>
		<SimpleData name="HobliName">Uttarahalli-4,Uttarahalli-4</SimpleData>
	</SchemaData></ExtendedData>
      <MultiGeometry><Polygon><outerBoundaryIs><LinearRing><coordinates>77.5311642929635,12.8963218859619,0 77.5303144273632,12.8963776234608,0 77.5303068715807,12.8964957103469,0 77.5310758033244,12.8967627005528,0 77.5319044895842,12.8966739079839,0 77.5315443491028,12.8960861308197,0 77.5311642929635,12.8963218859619,0</coordinates></LinearRing></outerBoundaryIs></Polygon></MultiGeometry>
  </Placemark>
  <Placemark>
	<Style><LineStyle><color>ff0000ff</color></LineStyle><PolyStyle><fill>0</fill></PolyStyle></Style>
	<ExtendedData><SchemaData schemaUrl="#alloted_handed_gba">
		<SimpleData name="fid">68</SimpleData>
		<SimpleData name="OBJECTID">1</SimpleData>
		<SimpleData name="LAYOUT_NO">BLR_57</SimpleData>
		<SimpleData name="LAYOUT_NAM">BANASHANKARI 6TH STAGE</SimpleData>
		<SimpleData name="Division">SOUTH</SimpleData>
		<SimpleData name="CITY_NAME">BANGALORE</SimpleData>
		<SimpleData name="ENGG_QUERY">WITH IN BDAFORMED BOUNDARY</SimpleData>
		<SimpleData name="Shape_Leng">371.01237201266</SimpleData>
		<SimpleData name="Shape_Area">7929.02660995458</SimpleData>
		<SimpleData name="div_lay">SOUTH#BANASHANKARI 6TH STAGE</SimpleData>
		<SimpleData name="ID">S - 35</SimpleData>
		<SimpleData name="path">D:/5.BDA Audit/Layout/Shapefiles/Layout Boundary R1.shp</SimpleData>
		<SimpleData name="uid">68</SimpleData>
		<SimpleData name="KGISVillageName">Badamanavarthekaval,Chudenapura,Kengeri,Hemmigepura</SimpleData>
		<SimpleData name="HobliName">Kengeri-3,Kengeri-1,Kengeri-1,Kengeri-3</SimpleData>
	</SchemaData></ExtendedData>
      <MultiGeometry><Polygon><outerBoundaryIs><LinearRing><coordinates>77.4932103444584,12.8953431053891,0 77.4928995163572,12.8950428496444,0 77.4925547663973,12.8953730104327,0 77.4929665759512,12.896205219814,0 77.493650812396,12.896063780036,0 77.4932103444584,12.8953431053891,0</coordinates></LinearRing></outerBoundaryIs></Polygon></MultiGeometry>
  </Placemark>
  <Placemark>
	<Style><LineStyle><color>ff0000ff</color></LineStyle><PolyStyle><fill>0</fill></PolyStyle></Style>
	<ExtendedData><SchemaData schemaUrl="#alloted_handed_gba">
		<SimpleData name="fid">69</SimpleData>
		<SimpleData name="OBJECTID">2</SimpleData>
		<SimpleData name="LAYOUT_NO">BLR_57</SimpleData>
		<SimpleData name="LAYOUT_NAM">BANASHANKARI 6TH STAGE</SimpleData>
		<SimpleData name="Division">SOUTH</SimpleData>
		<SimpleData name="CITY_NAME">BANGALORE</SimpleData>
		<SimpleData name="ENGG_QUERY">WITH IN BDAFORMED BOUNDARY</SimpleData>
		<SimpleData name="Shape_Leng">706.507975775362</SimpleData>
		<SimpleData name="Shape_Area">25973.9911979418</SimpleData>
		<SimpleData name="div_lay">SOUTH#BANASHANKARI 6TH STAGE</SimpleData>
		<SimpleData name="ID">S - 36</SimpleData>
		<SimpleData name="path">D:/5.BDA Audit/Layout/Shapefiles/Layout Boundary R1.shp</SimpleData>
		<SimpleData name="uid">69</SimpleData>
		<SimpleData name="KGISVillageName">Kengeri Gollarahalli,Hemmigepura</SimpleData>
		<SimpleData name="HobliName">Kengeri-3,Kengeri-3</SimpleData>
	</SchemaData></ExtendedData>
      <MultiGeometry><Polygon><outerBoundaryIs><LinearRing><coordinates>77.4796223736152,12.8797737448995,0 77.4799240599348,12.8797076130539,0 77.4804137564247,12.8795309956773,0 77.4799052572063,12.8780787374614,0 77.47940841292,12.8777780387026,0 77.4788021158358,12.8779753715083,0 77.4790306204851,12.8787923554874,0 77.4791715493546,12.8791299637357,0 77.478715550799,12.8792437608119,0 77.4794565157873,12.879879102942,0 77.4796223736152,12.8797737448995,0</coordinates></LinearRing></outerBoundaryIs></Polygon></MultiGeometry>
  </Placemark>
  <Placemark>
	<Style><LineStyle><color>ff0000ff</color></LineStyle><PolyStyle><fill>0</fill></PolyStyle></Style>
	<ExtendedData><SchemaData schemaUrl="#alloted_handed_gba">
		<SimpleData name="fid">70</SimpleData>
		<SimpleData name="OBJECTID">3</SimpleData>
		<SimpleData name="LAYOUT_NO">BLR_57</SimpleData>
		<SimpleData name="LAYOUT_NAM">BANASHANKARI 6TH STAGE</SimpleData>
		<SimpleData name="Division">SOUTH</SimpleData>
		<SimpleData name="CITY_NAME">BANGALORE</SimpleData>
		<SimpleData name="ENGG_QUERY">WITH IN BDAFORMED BOUNDARY</SimpleData>
		<SimpleData name="Shape_Leng">5290.11135805912</SimpleData>
		<SimpleData name="Shape_Area">1089865.70543762</SimpleData>
		<SimpleData name="div_lay">SOUTH#BANASHANKARI 6TH STAGE</SimpleData>
		<SimpleData name="ID">S - 37</SimpleData>
		<SimpleData name="path">D:/5.BDA Audit/Layout/Shapefiles/Layout Boundary R1.shp</SimpleData>
		<SimpleData name="uid">70</SimpleData>
		<SimpleData name="KGISVillageName">Badamanavarthekaval,Mylasandra,Hemmigepura,Pattanagere,Channasandra,K.G. Ganakallu</SimpleData>
		<SimpleData name="HobliName">Kengeri-3,Kengeri-4,Kengeri-3,Kengeri-4,Uttarahalli-4,Kengeri-4</SimpleData>
	</SchemaData></ExtendedData>
      <MultiGeometry><Polygon><outerBoundaryIs><LinearRing><coordinates>77.514560571493,12.895409514254,0 77.514038405698,12.8951134804394,0 77.5143953999846,12.8942525815608,0 77.5142911677109,12.8938103485277,0 77.5141584214308,12.8933298219242,0 77.5139503127801,12.8931352207186,0 77.5137355193559,12.8930097367614,0 77.5137045737288,12.8928757948691,0 77.5135372409452,12.8927975038977,0 77.5135080566434,12.8923135141754,0 77.5137479678598,12.8922795685944,0 77.513580701523,12.8920166257726,0 77.5137353598713,12.8919709851629,0 77.5136332725907,12.8918479900353,0 77.5134645930115,12.8918987757339,0 77.5133005432173,12.891738192473,0 77.5129225471432,12.8917747754992,0 77.5127799929492,12.8915964095273,0 77.5124189878159,12.8914173072732,0 77.5121840939949,12.891063022854,0 77.5121039059536,12.8907304370068,0 77.5116658700773,12.8907264026722,0 77.5114371127188,12.8903243492491,0 77.5108815497255,12.8904899192075,0 77.5103330099745,12.8908033850451,0 77.5105383438868,12.8919825193171,0 77.5107436807511,12.8931616529777,0 77.5098687237731,12.8935792506819,0 77.5087844594095,12.8938193659983,0 77.507700192159,12.8940594771913,0 77.5066159220221,12.8942995842608,0 77.5066073109378,12.8956618248277,0 77.5066708398932,12.8962378352133,0 77.5058789393285,12.8972502390847,0 77.5051069415264,12.8981274493692,0 77.5043087243221,12.8989786505719,0 77.505280349152,12.9003790802045,0 77.505821474807,12.9013516671345,0 77.5063626051551,12.902324252109,0 77.5069037401965,12.9032968351279,0 77.5074448799319,12.9042694161908,0 77.5078745452537,12.9049995681422,0 77.5085210125268,12.9055681253503,0 77.5088734030712,12.9058633055839,0 77.5097697634837,12.9061634934639,0 77.5106661255196,12.9064636778659,0 77.5109890531019,12.9064691380342,0 77.5116648487954,12.9057955602551,0 77.5116689420579,12.9052474603499,0 77.5110443714902,12.9044749324389,0 77.5110344577822,12.9036543985779,0 77.5112040337247,12.903034472593,0 77.5108435607438,12.9027068188543,0 77.511572751322,12.9020075111953,0 77.5124180607566,12.9021032262299,0 77.5141656032563,12.9019873856874,0 77.514223862042,12.9017712892564,0 77.5140593465559,12.9015262496291,0 77.5132346667275,12.9012104604369,0 77.5127753715334,12.9006240105306,0 77.5125837379047,12.8999753521618,0 77.5129635686263,12.8998390417432,0 77.5132258398532,12.8995697354131,0 77.5137713401279,12.8988562357676,0 77.5137264646864,12.8985767608118,0 77.5134899121247,12.89832086686,0 77.5136038586097,12.8979042403382,0 77.5138358481852,12.897777724611,0 77.5140098766111,12.8976145136819,0 77.514176983332,12.8971079879381,0 77.514268954783,12.8962314929412,0 77.514560571493,12.895409514254,0</coordinates></LinearRing></outerBoundaryIs></Polygon></MultiGeometry>
  </Placemark>
  <Placemark>
	<Style><LineStyle><color>ff0000ff</color></LineStyle><PolyStyle><fill>0</fill></PolyStyle></Style>
	<ExtendedData><SchemaData schemaUrl="#alloted_handed_gba">
		<SimpleData name="fid">71</SimpleData>
		<SimpleData name="OBJECTID">4</SimpleData>
		<SimpleData name="LAYOUT_NO">BLR_57</SimpleData>
		<SimpleData name="LAYOUT_NAM">BANASHANKARI 6TH STAGE</SimpleData>
		<SimpleData name="Division">SOUTH</SimpleData>
		<SimpleData name="CITY_NAME">BANGALORE</SimpleData>
		<SimpleData name="ENGG_QUERY">WITH IN BDAFORMED BOUNDARY</SimpleData>
		<SimpleData name="Shape_Leng">21065.1987047349</SimpleData>
		<SimpleData name="Shape_Area">6239929.85620711</SimpleData>
		<SimpleData name="div_lay">SOUTH#BANASHANKARI 6TH STAGE</SimpleData>
		<SimpleData name="ID">S - 38</SimpleData>
		<SimpleData name="path">D:/5.BDA Audit/Layout/Shapefiles/Layout Boundary R1.shp</SimpleData>
		<SimpleData name="uid">71</SimpleData>
		<SimpleData name="KGISVillageName">Rachanamadu,Badamanavarthekaval,Uttarahalli Manavarthekaval,Lingadeeranahalli,Sompura,Varahasandra,Badamanavarthekaval,Chudenapura,Hemmigepura,Hemmigepura,Channasandra,Thurahalli,Uttarahalli,K.G. Ganakallu</SimpleData>
		<SimpleData name="HobliName">Kengeri-3,Kengeri-3,Uttarahalli-2,Kengeri-3,Kengeri-3,Kengeri-3,Kengeri-3,Kengeri-1,Kengeri-3,Kengeri-3,Uttarahalli-4,Uttarahalli-4,Uttarahalli-4,Kengeri-4</SimpleData>
	</SchemaData></ExtendedData>
      <MultiGeometry><Polygon><outerBoundaryIs><LinearRing><coordinates>77.5198699169737,12.8734378277077,0 77.520122751938,12.8722544319364,0 77.5195915614548,12.8717397600133,0 77.5187604071779,12.8709687393097,0 77.5179292579356,12.8701977149841,0 77.5169082385229,12.8692328274024,0 77.516204275121,12.8685936274424,0 77.5155003152392,12.8679544249008,0 77.5148631375926,12.8679748961929,0 77.5136536217327,12.8680475843402,0 77.5132966302865,12.8680997146762,0 77.5130601485037,12.8680880874769,0 77.5123009754553,12.8682167484479,0 77.511261728283,12.8679718341229,0 77.5104496984135,12.8687355292579,0 77.5094490968795,12.8699939819907,0 77.5086788464986,12.870787398489,0 77.5080618257171,12.8717103534186,0 77.5075126032038,12.8725061693148,0 77.5070092829711,12.8732879928789,0 77.5066303138287,12.8740731434862,0 77.5062243021089,12.8749172799242,0 77.5057719330811,12.8757302373241,0 77.5054535899111,12.8765561255644,0 77.5051698232563,12.8767098579184,0 77.5045540336737,12.8770200889862,0 77.5044997837212,12.8770002567259,0 77.5030423068866,12.8762997749867,0 77.5025217455036,12.8760720112156,0 77.5012287508822,12.8752589657604,0 77.5010844349176,12.8759965815812,0 77.5009571467879,12.8761018055351,0 77.5008633922023,12.8766946162816,0 77.49970694778,12.8759952273318,0 77.4990868863521,12.8763624440402,0 77.4975052868318,12.8766986552153,0 77.4974724651194,12.8766875560886,0 77.4973790141373,12.876459040535,0 77.4970302186072,12.8765691692584,0 77.4970467981088,12.876691445281,0 77.4970577607193,12.8769243119546,0 77.4971492970458,12.8769879183559,0 77.4969820260606,12.8770819183773,0 77.4970232212995,12.8771524772597,0 77.4973344804885,12.876977557472,0 77.4977582026037,12.8776933336086,0 77.497828646903,12.8776773774467,0 77.4980067047484,12.8777268725025,0 77.4990747971476,12.8776864346702,0 77.4994185654071,12.8783876242775,0 77.4998740266719,12.879200630372,0 77.4996819687618,12.879689585708,0 77.5001595844201,12.8800864162366,0 77.5001540681104,12.880775187064,0 77.4990882658301,12.8812520745163,0 77.4988913982021,12.8817921846212,0 77.4986099878268,12.8819895263646,0 77.4976399286681,12.8817700025317,0 77.4966509718028,12.8815516861717,0 77.4967388227443,12.88088889241,0 77.4959969560449,12.8803269487813,0 77.4956661953284,12.8814759440823,0 77.49533543251,12.8826249394269,0 77.4950202399166,12.8826311928992,0 77.4941041796259,12.8820406048434,0 77.4931881232881,12.8814500127675,0 77.4926346543498,12.8818934283314,0 77.4922102238967,12.8822238421844,0 77.4914534250004,12.882816260775,0 77.4907402255598,12.8833941382472,0 77.4900270227263,12.8839720143493,0 77.489498887493,12.8843883209552,0 77.4884323222997,12.8852427334697,0 77.4877640796172,12.8857842166681,0 77.4869659158714,12.8865358800025,0 77.486083043357,12.8862106175667,0 77.4849574672358,12.8862737319097,0 77.4850440372324,12.8868035715743,0 77.4847723498677,12.8871047129389,0 77.4848060739307,12.88727986454,0 77.4848764244711,12.8873512622543,0 77.484791595771,12.8873570715068,0 77.4848332086629,12.8875968620097,0 77.4848490370488,12.8877940439866,0 77.4845326236875,12.8880079619678,0 77.4843254661299,12.8882124775596,0 77.484374555536,12.8891478413373,0 77.4841694765688,12.8891140263071,0 77.4840610691812,12.8888192418844,0 77.4840221179265,12.8881036385774,0 77.483915385522,12.8873693273708,0 77.4835350735165,12.8874445084479,0 77.4837019418175,12.8880606590838,0 77.4835603892212,12.8881537515746,0 77.4836098696649,12.8888714267493,0 77.483523533959,12.888945602805,0 77.48350011068,12.8891002746602,0 77.4835100979978,12.889179336803,0 77.4835366151918,12.8893791159842,0 77.4826027736301,12.889628474294,0 77.4821105237889,12.8895996009383,0 77.4819731215898,12.8899043448643,0 77.4822069783998,12.8899439892275,0 77.4824356060325,12.8901230331421,0 77.4825976365444,12.8900058159028,0 77.4833001085988,12.8898804432418,0 77.4833659847742,12.8902351990004,0 77.4832338097607,12.8902690271596,0 77.4833003497152,12.8904270578761,0 77.4833669783379,12.8904370915239,0 77.4833812878903,12.8905551449941,0 77.4833338959837,12.8905657333453,0 77.4833524825407,12.8906787881523,0 77.4836279072314,12.8906752420452,0 77.4836526839433,12.8911716584109,0 77.4827319926031,12.8912596379956,0 77.4822530505382,12.8916869611947,0 77.4832978290455,12.8920537145472,0 77.4843426099114,12.8924204631581,0 77.4853873931355,12.892787207027,0 77.4864321787178,12.8931539461537,0 77.4867108728609,12.8932228389024,0 77.486936685537,12.8935665876478,0 77.4871319120413,12.8935706534824,0 77.487298230049,12.8935463463048,0 77.4877219431972,12.8934431724149,0 77.4878880015827,12.8933838359993,0 77.4885998786973,12.8933350422616,0 77.4892959685638,12.8934792667578,0 77.490190375647,12.8935760785049,0 77.4908777425094,12.893749554911,0 77.4916848241242,12.8937699451733,0 77.4921696129691,12.8932050541809,0 77.4934768997257,12.8929693053641,0 77.4944729652899,12.8926967076887,0 77.4946784974366,12.8927206003411,0 77.4949447805211,12.8928746902406,0 77.4948577620976,12.8930087645033,0 77.4948370486838,12.8934890703742,0 77.4954874983435,12.893572337072,0 77.4958378227542,12.8938085280363,0 77.4965505519737,12.8938933754595,0 77.4975273536308,12.8938151711948,0 77.4982163671249,12.8934525500714,0 77.4979414027352,12.8924427632327,0 77.497883563067,12.8914037781037,0 77.4978167338845,12.890271276951,0 77.4968121309202,12.8901950335524,0 77.4966184170594,12.8892346533537,0 77.4973697934275,12.8879219240577,0 77.4973967922787,12.887858421325,0 77.4976456692661,12.8874162820252,0 77.4978263519097,12.8871004563489,0 77.4980718735763,12.8867162987885,0 77.4981455081986,12.8858138811178,0 77.4992528660101,12.8860382185805,0 77.500330393261,12.8861578002257,0 77.5017720125458,12.8864950975561,0 77.5026084608079,12.8869693164488,0 77.5036846887782,12.8875085507421,0 77.5049323505639,12.8874617370838,0 77.5056899687327,12.8868709029832,0 77.5064475831884,12.8862800673164,0 77.5072051939314,12.8856892300838,0 77.507349557266,12.885123369408,0 77.5074194316931,12.8850302258086,0 77.5074693283706,12.8849331695458,0 77.5075161026985,12.8848690168071,0 77.5076232938955,12.8847290414251,0 77.5076545167349,12.8846493997025,0 77.5076774114292,12.8845995754281,0 77.5077663171934,12.8845136175268,0 77.5077902647801,12.8844754177218,0 77.5079974076435,12.8840282415644,0 77.5080751827687,12.8838796387867,0 77.5082376003627,12.8835486503034,0 77.5083148394197,12.8833852814265,0 77.5091375729228,12.8835061468442,0 77.5093446537563,12.8835373216373,0 77.5094943238572,12.883555742516,0 77.5094855282683,12.8836184902851,0 77.509319117128,12.8850753449614,0 77.5093272501371,12.8850853301655,0 77.5094942216473,12.8851079962611,0 77.5093221112732,12.8866165314993,0 77.5094868431453,12.8866346307115,0 77.5095082866332,12.8865735065252,0 77.5109715488626,12.8866635697131,0 77.5109360746201,12.8869007628354,0 77.5108489515193,12.8871773650771,0 77.5107019324076,12.8879010321675,0 77.5106812437055,12.888003900398,0 77.5106955442342,12.8883450644851,0 77.5109708116025,12.8882373103003,0 77.511864463758,12.8880052895883,0 77.5123674235755,12.8881377260676,0 77.5123156092955,12.8889685905999,0 77.5121284358732,12.8893358976157,0 77.5119375023791,12.8895802720193,0 77.511741210019,12.8900386983124,0 77.5115942380943,12.8902261277422,0 77.5116078377781,12.8903671271156,0 77.5122011524067,12.8904848691583,0 77.51230627844,12.8906449772408,0 77.51223560924,12.8909939347482,0 77.5127453786876,12.8915004225285,0 77.5131826922268,12.8916069237479,0 77.5134851131619,12.8918025892829,0 77.5138502888651,12.891835307136,0 77.5137199834418,12.8921581174117,0 77.5137954856329,12.8923645979474,0 77.5136026270298,12.8924277377322,0 77.5136609730677,12.8926281698344,0 77.5136100898796,12.892796757053,0 77.5136988413188,12.892780607405,0 77.5145038714416,12.8927866879804,0 77.515215496245,12.893000074657,0 77.5159161867209,12.8936335265132,0 77.5163044216535,12.8936332178669,0 77.5168177444227,12.8933581457406,0 77.5171371729478,12.8930741039503,0 77.5175696291851,12.8930397286612,0 77.518393546292,12.8933169623966,0 77.5185363793089,12.8931522218558,0 77.5187365824002,12.8927228458091,0 77.5190864745994,12.8927799063156,0 77.5191215076341,12.8928648495355,0 77.5190389667811,12.8933728583097,0 77.5191880925598,12.8934802750277,0 77.5193762520231,12.8933578023209,0 77.5196979896997,12.8929439007162,0 77.5202413524871,12.8932501301969,0 77.5203711714232,12.8938022928029,0 77.5204581577405,12.8938702352049,0 77.5205449758647,12.8938587651521,0 77.5205795865857,12.8938018679333,0 77.5206196568761,12.8934627834198,0 77.5211863773937,12.8935711746565,0 77.5210139446628,12.8942606505167,0 77.5210952132445,12.8945345643416,0 77.5209637971046,12.8959788923403,0 77.5206205527644,12.896451316906,0 77.5208290777339,12.897277939664,0 77.5211250668355,12.8976385787232,0 77.5222268590582,12.8973341881828,0 77.5226329463628,12.8973044679348,0 77.522732870695,12.897279319232,0 77.5231372397055,12.8974979940357,0 77.5232722332047,12.8974909411634,0 77.5236123076386,12.8974212287799,0 77.524792282133,12.8969657088396,0 77.5256459342814,12.896708303004,0 77.5257297009503,12.8966518342444,0 77.5274733109302,12.8962617206644,0 77.5291537705735,12.8963365572278,0 77.5292970762692,12.896362488552,0 77.5299141497679,12.896450082826,0 77.5301223323074,12.8964663758396,0 77.5301450363098,12.8963565564692,0 77.5301255350221,12.8963071675077,0 77.5300154600722,12.8962787057078,0 77.5299464200369,12.8960345198085,0 77.5295309149688,12.8959724313667,0 77.5294974160142,12.895981379468,0 77.5294518959701,12.8959370897925,0 77.529319644318,12.8957099493481,0 77.5293536845951,12.8955472675065,0 77.5294505495196,12.8955014337173,0 77.5294119654826,12.8954157262305,0 77.5292486760468,12.8952637760246,0 77.5290643996568,12.8950334209199,0 77.5291445934217,12.8948926926355,0 77.5291820241683,12.8945669564676,0 77.5291305985991,12.8943308795699,0 77.5291086149107,12.8942539622689,0 77.5289967595566,12.8936936604432,0 77.5289227311946,12.8933237543828,0 77.5288749700592,12.8930827455565,0 77.528707741744,12.8925188704274,0 77.5278020546131,12.892436464058,0 77.5271871089751,12.8917198159279,0 77.52648616671,12.8911092229199,0 77.5256995375646,12.8904717357899,0 77.5254149956756,12.8906169111196,0 77.5247949430989,12.8910119266294,0 77.5239076483551,12.8915300389913,0 77.5231273366739,12.8916353522491,0 77.5228085004296,12.8916770486777,0 77.5218401000572,12.8917575222323,0 77.5218985215275,12.891540504358,0 77.5219577405485,12.8913077824859,0 77.5220875553812,12.8908993365713,0 77.5222840782856,12.8900819193573,0 77.521699880902,12.8896179702137,0 77.5212001904277,12.8895595188118,0 77.520607857059,12.8895233307204,0 77.5195391463574,12.8899817538815,0 77.5184323577667,12.8895575665859,0 77.5171024639539,12.8889994510295,0 77.5180490420461,12.8878570027509,0 77.5168139664403,12.8874404559388,0 77.5171439015758,12.8866429247741,0 77.5174449528629,12.8857340417028,0 77.5177845638124,12.8850664400582,0 77.5183286084796,12.8840794292469,0 77.5187408122576,12.8832642455014,0 77.5189145621607,12.8823545732156,0 77.5190956367173,12.8813556089167,0 77.5193606904215,12.8804200114153,0 77.5196257427714,12.8794844139494,0 77.5198907937673,12.8785488165189,0 77.5201558434095,12.8776132191239,0 77.5190996815266,12.8765554530999,0 77.5194196534188,12.8753629886305,0 77.5196950015031,12.8741707998146,0 77.5198699169737,12.8734378277077,0</coordinates></LinearRing></outerBoundaryIs></Polygon></MultiGeometry>
  </Placemark>
  <Placemark>
	<Style><LineStyle><color>ff0000ff</color></LineStyle><PolyStyle><fill>0</fill></PolyStyle></Style>
	<ExtendedData><SchemaData schemaUrl="#alloted_handed_gba">
		<SimpleData name="fid">74</SimpleData>
		<SimpleData name="OBJECTID">1</SimpleData>
		<SimpleData name="LAYOUT_NO">BLR_58</SimpleData>
		<SimpleData name="LAYOUT_NAM">EXTENSION OF ANJANAPURA</SimpleData>
		<SimpleData name="Division">SOUTH</SimpleData>
		<SimpleData name="CITY_NAME">BANGALORE</SimpleData>
		<SimpleData name="ENGG_QUERY">WITH IN BDAFORMED BOUNDARY</SimpleData>
		<SimpleData name="Shape_Leng">5977.47775820868</SimpleData>
		<SimpleData name="Shape_Area">554557.621313661</SimpleData>
		<SimpleData name="div_lay">SOUTH#EXTENSION OF ANJANAPURA</SimpleData>
		<SimpleData name="ID">S - 39</SimpleData>
		<SimpleData name="path">D:/5.BDA Audit/Layout/Shapefiles/Layout Boundary R1.shp</SimpleData>
		<SimpleData name="uid">74</SimpleData>
		<SimpleData name="KGISVillageName">Gottigere,Kotthanuru</SimpleData>
		<SimpleData name="HobliName">Uttarahalli-1,Uttarahalli-1</SimpleData>
	</SchemaData></ExtendedData>
      <MultiGeometry><Polygon><outerBoundaryIs><LinearRing><coordinates>77.5886624261025,12.8578206980284,0 77.5883696737966,12.8579192392778,0 77.588655244839,12.8583651905802,0 77.5886632136543,12.8583935116982,0 77.5884723692467,12.8588238329934,0 77.5883936418175,12.8589118412813,0 77.5877221090789,12.8590861734631,0 77.5875718318968,12.8590928732245,0 77.5872528790364,12.8592365885135,0 77.5865837829467,12.8592975599286,0 77.5859049650977,12.8594760883649,0 77.5856377910176,12.8595548526785,0 77.585643252342,12.8593036268729,0 77.5865966505664,12.8591197744011,0 77.587312548153,12.8589444209195,0 77.5869925545891,12.8577091821322,0 77.5870176715024,12.8572084197997,0 77.587040732892,12.8571328217364,0 77.5869478116099,12.8563187742112,0 77.5868101265125,12.8559785245245,0 77.5868232105588,12.8558766073729,0 77.5875054638233,12.8556673169919,0 77.5876482335626,12.8556851782432,0 77.5879580049144,12.8555643994243,0 77.5880399272712,12.8556113574064,0 77.5881303028038,12.8555747192348,0 77.5882590357238,12.8555873472707,0 77.588253927298,12.8556600104803,0 77.5884574441709,12.8556809612847,0 77.5884991385513,12.8556339218057,0 77.5887513254371,12.8556580010366,0 77.5888374395689,12.8559308260757,0 77.5888995757853,12.8559110082703,0 77.5888840108078,12.8558283098893,0 77.5888496895802,12.8555342394273,0 77.588697837008,12.8543237775658,0 77.5885885908656,12.8531601556638,0 77.5882201755036,12.8531687312598,0 77.5880308147271,12.8530920266824,0 77.5879110763058,12.8530721454109,0 77.5877232563595,12.85273770469,0 77.5874692360612,12.8526455417761,0 77.5870915430858,12.8527156812818,0 77.5870613773498,12.85264918177,0 77.5866373263599,12.8524903686506,0 77.586671553265,12.8522108648163,0 77.5866230815561,12.8521901011879,0 77.5864354207906,12.8523585286566,0 77.5857751583858,12.8523995126757,0 77.58526562244,12.8524295582036,0 77.5852265517559,12.8524865189748,0 77.5852054265719,12.8529387860577,0 77.5851829269427,12.8532655172716,0 77.585141959525,12.8534862146737,0 77.585370468848,12.8538986912606,0 77.5854693132467,12.854891279435,0 77.585163798472,12.856440846494,0 77.5843832489744,12.8578893617549,0 77.5840049232235,12.8583621882013,0 77.5849904046405,12.8595797056688,0 77.5853179945213,12.8598355665413,0 77.5853273359187,12.8612036183038,0 77.5852281801531,12.861166381982,0 77.5839227544223,12.8614588570009,0 77.5837666643618,12.8611088525493,0 77.5836546278845,12.8607157000446,0 77.5837443138926,12.8606353299578,0 77.5836066770296,12.8599346604324,0 77.5832985836943,12.8598645955131,0 77.5830944218731,12.8584513791747,0 77.5814283179984,12.8584574594771,0 77.5816275295038,12.8596566929582,0 77.5818267439991,12.8608559258299,0 77.5818850088136,12.8610719657988,0 77.582235126703,12.8613484973782,0 77.5825991067555,12.8615182835494,0 77.5831295598077,12.8623721777576,0 77.5832978023174,12.8628291536749,0 77.5842158264613,12.8634415679057,0 77.5843268576505,12.8642217367766,0 77.5854477787377,12.8650576216453,0 77.5858788530924,12.8648505648635,0 77.5853290192611,12.86338979785,0 77.5857198244106,12.8633539701353,0 77.5861328668695,12.8633157491282,0 77.5868530825463,12.8631936631509,0 77.5870734558846,12.8631345514194,0 77.5880439525968,12.8624774566939,0 77.5890570259849,12.8621391361299,0 77.5892446752499,12.862033249864,0 77.5895162067192,12.8618289261054,0 77.5898179766737,12.8616467169847,0 77.5901179184852,12.8615540899023,0 77.5898198236106,12.8606248439949,0 77.5896697524707,12.8601942687128,0 77.5893328154202,12.8595623699564,0 77.5890531573655,12.8588445937062,0 77.5887539677071,12.8578738679365,0 77.5886624261025,12.8578206980284,0</coordinates></LinearRing></outerBoundaryIs></Polygon></MultiGeometry>
  </Placemark>
  <Placemark>
	<Style><LineStyle><color>ff0000ff</color></LineStyle><PolyStyle><fill>0</fill></PolyStyle></Style>
	<ExtendedData><SchemaData schemaUrl="#alloted_handed_gba">
		<SimpleData name="fid">75</SimpleData>
		<SimpleData name="OBJECTID">2</SimpleData>
		<SimpleData name="LAYOUT_NO">BLR_58</SimpleData>
		<SimpleData name="LAYOUT_NAM">EXTENSION OF ANJANAPURA</SimpleData>
		<SimpleData name="Division">SOUTH</SimpleData>
		<SimpleData name="CITY_NAME">BANGALORE</SimpleData>
		<SimpleData name="ENGG_QUERY">WITH IN BDAFORMED BOUNDARY</SimpleData>
		<SimpleData name="Shape_Leng">9270.51954573983</SimpleData>
		<SimpleData name="Shape_Area">2970166.28059449</SimpleData>
		<SimpleData name="div_lay">SOUTH#EXTENSION OF ANJANAPURA</SimpleData>
		<SimpleData name="ID">S - 40</SimpleData>
		<SimpleData name="path">D:/5.BDA Audit/Layout/Shapefiles/Layout Boundary R1.shp</SimpleData>
		<SimpleData name="uid">75</SimpleData>
		<SimpleData name="KGISVillageName">Gollahalli,J.I.Alahalli,J.I.Kembatthahalli,Kotthanuru,Pillaganahalli,K.G.Raghavanapalya,Anjanapura</SimpleData>
		<SimpleData name="HobliName">Uttarahalli-1,Uttarahalli-1,Uttarahalli-1,Uttarahalli-1,Uttarahalli-1,Uttarahalli-1,Uttarahalli-1</SimpleData>
	</SchemaData></ExtendedData>
      <MultiGeometry><Polygon><outerBoundaryIs><LinearRing><coordinates>77.5713488369978,12.8599155036006,0 77.5715851912992,12.8596616982369,0 77.5725873335579,12.8595223734612,0 77.5735894739709,12.8593830450584,0 77.5745916125376,12.8592437130289,0 77.5747105357553,12.8592222777351,0 77.5751582982453,12.8591686223914,0 77.5753881092836,12.8590993884298,0 77.5754765896472,12.8590609750247,0 77.5756046094532,12.8589777629878,0 77.5758364523053,12.8589100280884,0 77.5759080713883,12.8589070444539,0 77.5760852019995,12.8588879012932,0 77.5763303816978,12.8588485317228,0 77.5765459583336,12.8588010239766,0 77.5767626517378,12.8587870539257,0 77.5780078593153,12.8586155952702,0 77.5788377253038,12.8584988909755,0 77.5791661060214,12.8584970007424,0 77.5796174925139,12.8583905120782,0 77.5794417782836,12.8573236821781,0 77.5794158609938,12.8571581193619,0 77.5793108913167,12.8567226692369,0 77.5791699737034,12.856224940797,0 77.5789971757052,12.8556557503149,0 77.5787505195087,12.8551116626782,0 77.578690331205,12.8547241956902,0 77.5786443975981,12.8544914091483,0 77.5785968332599,12.8543316769994,0 77.5784793070334,12.8538057397831,0 77.5783978675821,12.8535433798537,0 77.5782088396169,12.8529714619706,0 77.5781380693443,12.8523643373656,0 77.5777511975778,12.8515767803938,0 77.577668066907,12.8513609802037,0 77.5773037935291,12.8507160121624,0 77.5767457804669,12.8498623893436,0 77.5764924437912,12.8499370990945,0 77.5762507504306,12.8500136374593,0 77.5757939197801,12.8491835410159,0 77.575192357119,12.8497980379962,0 77.5743520093467,12.8494998074294,0 77.5732578928682,12.8494230466384,0 77.5721637761619,12.849346281153,0 77.5710696592281,12.8492695109731,0 77.5706391562851,12.849432054705,0 77.5701077997714,12.8496211324749,0 77.5697780181098,12.849677784261,0 77.569776057575,12.8495320333413,0 77.5684366762371,12.8496516347269,0 77.5683233084509,12.8492592148584,0 77.5681452415052,12.848196600477,0 77.5679047372671,12.8470433434049,0 77.5667119308063,12.8466908576768,0 77.5653981678573,12.84660256546,0 77.5640844045425,12.8465142664844,0 77.5642575104668,12.8474678197459,0 77.5644306183831,12.8484213725841,0 77.5634772403692,12.8484507495339,0 77.5625238614546,12.8484801230575,0 77.5615704816396,12.8485094931546,0 77.5609230733999,12.8486832496804,0 77.5598453416623,12.8489810348931,0 77.5600727106151,12.8495428899898,0 77.5603152693254,12.8498218286924,0 77.560427077218,12.8502307688118,0 77.5603717428507,12.850729918898,0 77.5606117093063,12.8520315813787,0 77.5605681518085,12.8526596169442,0 77.5602331368591,12.8520800388486,0 77.5595593185723,12.8509098936109,0 77.5591602994194,12.8500753426883,0 77.5587612833272,12.8492407906134,0 77.5585344037979,12.8485929444098,0 77.558680533532,12.8483635384066,0 77.5572159614776,12.8484462538817,0 77.5566322356206,12.8484835571183,0 77.5560758873277,12.84851751632,0 77.5548046050333,12.8486523318335,0 77.5549315877781,12.8490011280565,0 77.5552464298931,12.8498071967624,0 77.5555164347467,12.850589220431,0 77.5557048572144,12.8510732936036,0 77.5560614957584,12.8517639668915,0 77.5562661632739,12.8523262086253,0 77.5565248292633,12.85295198184,0 77.5570432278641,12.8540489684945,0 77.5573911996274,12.8540834186273,0 77.5575133879973,12.854378618037,0 77.5577022494124,12.8544004702067,0 77.5578602590655,12.8546432249999,0 77.557882296379,12.8547489129066,0 77.5578319002777,12.8550623517528,0 77.5579095117054,12.855046629341,0 77.5584017290642,12.8554014702464,0 77.5584936535877,12.8557422700932,0 77.5589315972002,12.8560512110288,0 77.5591261776101,12.8563625258543,0 77.5592454863891,12.8564800040861,0 77.5595436608866,12.8564038110697,0 77.5600512449247,12.8569184732783,0 77.5601184743151,12.8569898049955,0 77.560180539268,12.8570147456981,0 77.5603399533263,12.8573987737807,0 77.5609307517157,12.8574357346545,0 77.5610967966664,12.8577883905103,0 77.5611444826222,12.8579454204048,0 77.5617916299639,12.8591926939854,0 77.5623098672876,12.8597156169959,0 77.562345566045,12.8596804093391,0 77.5625097920509,12.859823089102,0 77.5631214897919,12.8606244029428,0 77.5634265687946,12.8606886441703,0 77.563870386464,12.8615061323538,0 77.5643142073838,12.8623236191968,0 77.5643804323194,12.8624292193573,0 77.5643630920049,12.8627242181872,0 77.5644161445424,12.8628840871785,0 77.5647077830938,12.8628006542237,0 77.5648861251544,12.8633216276013,0 77.5652044339235,12.8640228423905,0 77.5653542023031,12.8640250580792,0 77.565631925264,12.8642742413216,0 77.5657056398212,12.8642627918189,0 77.5666114860582,12.8644489961932,0 77.567517333047,12.8646351971782,0 77.5679857736091,12.8645877770764,0 77.5682239945448,12.864534255675,0 77.5688718352143,12.8643360865185,0 77.5691461205907,12.8642840219729,0 77.5695956092896,12.8644300236176,0 77.5694417985279,12.8636150305636,0 77.569251760446,12.8630014188749,0 77.5689603679327,12.8622162971109,0 77.5699222997767,12.8617145045869,0 77.5713860159278,12.8612844063099,0 77.5710000112923,12.8604768122466,0 77.570629750104,12.8599006636335,0 77.570945367709,12.8599938798548,0 77.5711029267921,12.8599296947321,0 77.5713488369978,12.8599155036006,0</coordinates></LinearRing></outerBoundaryIs></Polygon></MultiGeometry>
  </Placemark>
  <Placemark>
	<Style><LineStyle><color>ff0000ff</color></LineStyle><PolyStyle><fill>0</fill></PolyStyle></Style>
	<ExtendedData><SchemaData schemaUrl="#alloted_handed_gba">
		<SimpleData name="fid">133</SimpleData>
		<SimpleData name="OBJECTID">1</SimpleData>
		<SimpleData name="LAYOUT_NO">BLR_60_1</SimpleData>
		<SimpleData name="LAYOUT_NAM">FURTHER EXTENSION SIR.M.VISHWESHWARAYYA</SimpleData>
		<SimpleData name="Division">WEST</SimpleData>
		<SimpleData name="CITY_NAME">BANGALORE</SimpleData>
		<SimpleData name="ENGG_QUERY">WITH IN BDAFORMED BOUNDARY</SimpleData>
		<SimpleData name="Shape_Leng">24830.6151405014</SimpleData>
		<SimpleData name="Shape_Area">4319157.38343879</SimpleData>
		<SimpleData name="div_lay">WEST#FURTHER EXTENSION SIR.M.VISHWESHWARAYYA</SimpleData>
		<SimpleData name="ID">W - 23</SimpleData>
		<SimpleData name="path">D:/5.BDA Audit/Layout/Shapefiles/Layout Boundary R1.shp</SimpleData>
		<SimpleData name="uid">133</SimpleData>
		<SimpleData name="KGISVillageName">Gidadhakonenahalli,Herohalli,Mallathahalli,Srigandhakavalu,K.G.Ullalu,Kodigehalli</SimpleData>
		<SimpleData name="HobliName">Yashavantapura-2,Yashavantapura-2,Yashavantapura-2,Yashavantapura-2,Yashavantapura-2,Yashavantapura-2</SimpleData>
	</SchemaData></ExtendedData>
      <MultiGeometry><Polygon><outerBoundaryIs><LinearRing><coordinates>77.4960415094536,12.9479101535001,0 77.4947483777094,12.9480119325028,0 77.4934180923977,12.9481521935054,0 77.4924614021378,12.9479777009747,0 77.49150471257,12.9478032046823,0 77.4905480236945,12.9476287046284,0 77.489579165637,12.948503058792,0 77.4887919136255,12.9493521407236,0 77.4887201817383,12.949575137279,0 77.488728980454,12.9498326902986,0 77.4886513520196,12.9503678809311,0 77.4886271843868,12.9504809814181,0 77.4884200059677,12.9506087267998,0 77.4874291854947,12.9512087604371,0 77.4862920865335,12.9518922932257,0 77.4863979500644,12.9525091349458,0 77.4859095979671,12.952513796107,0 77.4857623649305,12.9524716936129,0 77.4852125608579,12.9525199204989,0 77.485349772588,12.9528886607585,0 77.4864369976228,12.9526680655077,0 77.486486934839,12.9524922601695,0 77.4866499925832,12.9522412483347,0 77.4869518790738,12.9521958368843,0 77.4873934375052,12.9519337910274,0 77.4877522709427,12.9522546655073,0 77.4880607297158,12.9522654946882,0 77.4881263635368,12.952101054666,0 77.488387028644,12.9520256159111,0 77.4888333314368,12.9521426074069,0 77.4892248727422,12.9520363985922,0 77.4904814944396,12.9517796908111,0 77.491738112463,12.951522977424,0 77.4921302373814,12.9525621649209,0 77.4925223662599,12.9536013511603,0 77.4941201241934,12.9532088122969,0 77.4941817535992,12.9534285830366,0 77.4941047963311,12.9535939389163,0 77.4957377559014,12.9529679189643,0 77.4960689654697,12.9534740093588,0 77.4961939132977,12.9538157231423,0 77.4967663179054,12.9551463715133,0 77.4956011229874,12.9555474901776,0 77.495433374546,12.955606176785,0 77.4953344586449,12.9557071752115,0 77.4960504448291,12.9560306174779,0 77.4968796423062,12.9561412542512,0 77.4969914272175,12.9560332358598,0 77.4971156446935,12.9562896693534,0 77.4972041140404,12.9566339713783,0 77.4972145176605,12.9567071393994,0 77.4971255423974,12.9567007250585,0 77.4970517635635,12.9563629708975,0 77.4968012821606,12.9563293668142,0 77.4959338663843,12.9561868289135,0 77.4952487712427,12.9559134896194,0 77.4943154322592,12.9554520067301,0 77.4936716125275,12.9549069305201,0 77.4931870814615,12.955463129021,0 77.4922045916908,12.955331809803,0 77.4923331599625,12.9558086632734,0 77.4921517384433,12.9558718316005,0 77.4922130709564,12.9564460224286,0 77.4922579220806,12.9565813562336,0 77.4925600024304,12.9572415384856,0 77.4927604997633,12.9576951627348,0 77.4929312445412,12.9579466313312,0 77.4930288429119,12.9579239674405,0 77.4935320469549,12.9584979288825,0 77.4935171821972,12.9588640009866,0 77.493701430024,12.9594171407735,0 77.49398395403,12.9597165040419,0 77.4938348835322,12.9598104892032,0 77.4934667015184,12.9599513587884,0 77.4932603060739,12.9597879735736,0 77.4929438884421,12.9599316909811,0 77.4930598908667,12.9605414160168,0 77.4923303697266,12.9607345280946,0 77.4906506666451,12.9611094825546,0 77.4906675676823,12.9607836914007,0 77.4904979148009,12.960112509849,0 77.4906540120343,12.9601243039654,0 77.4923643950758,12.9599860408713,0 77.4918270444002,12.9592455944366,0 77.4918927957624,12.9590567811107,0 77.4916575851281,12.9581842248148,0 77.4913214524564,12.9583429690103,0 77.4908728610988,12.9574676836434,0 77.4902449033992,12.9577581610616,0 77.4899057578718,12.9571180501676,0 77.4905578843517,12.9569045969034,0 77.4904167821604,12.9566308759615,0 77.4904886776217,12.9563822635714,0 77.490409415348,12.956033743492,0 77.4902317196792,12.9557229465091,0 77.489929589806,12.9548738073544,0 77.489652534764,12.9542013309921,0 77.4894180536031,12.9538952213783,0 77.4894075001921,12.9536604375873,0 77.4891293799685,12.9530177751272,0 77.4888839905342,12.9527771304258,0 77.4888779214055,12.9525867995025,0 77.4883660002881,12.952149491105,0 77.4881467234664,12.9522105980715,0 77.4881013027265,12.9523816487966,0 77.4877226465937,12.9523968116771,0 77.4881093048121,12.9532430419409,0 77.488495966077,12.9540892711061,0 77.4891764864768,12.9550910242674,0 77.4880539003158,12.9554221963256,0 77.4871621618073,12.9557684198438,0 77.4872721671518,12.9568394383463,0 77.4873821742935,12.9579104565519,0 77.4876707538694,12.9589548183552,0 77.4879593366165,12.9599991793257,0 77.4882479225352,12.9610435394635,0 77.487473716507,12.9615635894186,0 77.4866995070281,12.9620836376329,0 77.4862375105542,12.9621204805517,0 77.4862151375594,12.9632764406725,0 77.4861927653634,12.9644324007361,0 77.4860654837001,12.965496163724,0 77.4859588484249,12.9668749895225,0 77.4858309199604,12.9671982760403,0 77.4856147169552,12.9677506432551,0 77.4852416608816,12.9684265537678,0 77.484215524703,12.9698560943046,0 77.4831860767502,12.9703403593808,0 77.482543142378,12.9707338131189,0 77.48240727854,12.9707765688613,0 77.4814698757418,12.9710797166469,0 77.4805757607368,12.9713041618211,0 77.4796371977537,12.9714013603738,0 77.4792182677516,12.9713963117361,0 77.4791086941303,12.9713957551771,0 77.4788852339823,12.9713687525415,0 77.4786738978751,12.9714349144865,0 77.4784712396782,12.9714451642954,0 77.4784481227885,12.9714249225246,0 77.4780940956017,12.9714634657708,0 77.4781234554083,12.9716624826512,0 77.4784072695712,12.9715086564317,0 77.4786215526849,12.9718784471449,0 77.4791381670937,12.9728605412061,0 77.4784913927513,12.9730780312784,0 77.4781129854386,12.9718947425392,0 77.4779451683352,12.9718884383263,0 77.4781083489442,12.9724572072113,0 77.4773213649293,12.9724276428169,0 77.477250422673,12.9727918467266,0 77.4773697933367,12.9732119946498,0 77.477069086942,12.9749272406884,0 77.4763928474888,12.974928303105,0 77.4752049727577,12.9752602522125,0 77.4749270663574,12.9752520749588,0 77.4749052669048,12.9757592236779,0 77.4747147796956,12.9769755036856,0 77.4745242917139,12.9781917837848,0 77.4752799988157,12.9781443126269,0 77.4752892891873,12.9796605844855,0 77.4760210735583,12.9792864272481,0 77.4768353798967,12.980799346844,0 77.4777226972745,12.9805084705436,0 77.4785129886409,12.9801617611607,0 77.4792510437963,12.979985580273,0 77.4781209733392,12.9793641268783,0 77.4780410672334,12.9784504944675,0 77.4789573115246,12.9781210160294,0 77.4798735528736,12.9777915347869,0 77.4803482878273,12.978671545688,0 77.4808230265456,12.9795515550639,0 77.4808936910086,12.9799216341029,0 77.4826729877495,12.9795395060981,0 77.4824978389085,12.9786009075646,0 77.4814895076848,12.9787818693245,0 77.4811322683899,12.9771830982273,0 77.4813145955817,12.9771503771524,0 77.4808757729166,12.975745256099,0 77.481351068293,12.9755791331565,0 77.4818356612123,12.9742525755572,0 77.4829964042387,12.9741480421584,0 77.4841571453276,12.9740435037473,0 77.4851368385195,12.9740135502135,0 77.4857470220014,12.9748109727418,0 77.486357209588,12.9756083930879,0 77.4873145158547,12.9759385497505,0 77.4879550798522,12.9767470515037,0 77.4885956481918,12.9775555508808,0 77.4893589277264,12.9781143182331,0 77.4901222104895,12.9786730827016,0 77.4910643118726,12.9787460104908,0 77.492006413166,12.9788189347618,0 77.4920868352537,12.9788167683399,0 77.4931263661139,12.9787952747453,0 77.4930903131531,12.9786604244307,0 77.4931989508312,12.9781799890515,0 77.4934505053459,12.9781926949787,0 77.4934350015037,12.9776233267722,0 77.4936020360588,12.9769561551145,0 77.4936389413329,12.9768484255922,0 77.4938233346006,12.976755107079,0 77.4939523341898,12.9761090032595,0 77.4941641608662,12.9760609509664,0 77.4943260110617,12.9760464356646,0 77.4946776795678,12.975999202376,0 77.4948595597066,12.9759589859532,0 77.495314969621,12.9759666293882,0 77.4952845911586,12.9755811104584,0 77.4951660213893,12.9754400570189,0 77.4949832872368,12.9755090217223,0 77.4947581029871,12.9748050348574,0 77.4945387592951,12.9740758731371,0 77.4942738757225,12.9734955847507,0 77.4941757151665,12.973343704817,0 77.4943180792964,12.9733288027751,0 77.4945129356289,12.9726159453847,0 77.4945345086342,12.9721570536885,0 77.4945408447302,12.9716034266389,0 77.4952008934212,12.9714556399472,0 77.4951027177375,12.9713024169222,0 77.4954336731701,12.9710638782933,0 77.4954374626743,12.970657986063,0 77.4959160931012,12.9705854746804,0 77.4966005014036,12.9704356482222,0 77.4968797312205,12.9703500288942,0 77.4970888661242,12.970324697105,0 77.4975640387209,12.9703583227655,0 77.4980990840491,12.9703762124872,0 77.4983252208553,12.9688806479173,0 77.4994437528863,12.9684630281051,0 77.5005622804004,12.9680454041462,0 77.5016808033974,12.9676277760411,0 77.501253290214,12.9668331739732,0 77.5000553068748,12.9672109614844,0 77.49986293228,12.9667484889941,0 77.4990906790008,12.9670866264154,0 77.498599188257,12.9656461632514,0 77.4980457078404,12.9663764257141,0 77.4968538222111,12.9665111597965,0 77.4967357578828,12.9665272957485,0 77.4966006625555,12.9662403082386,0 77.4967427884436,12.9653705411544,0 77.4973409634457,12.9651767752879,0 77.4971956527636,12.9649919202552,0 77.4971279237556,12.9650151980469,0 77.4970440067811,12.9648639371596,0 77.4972233437094,12.9648645220472,0 77.4976989941253,12.9647155335434,0 77.4977710180716,12.9645364733199,0 77.4974456637549,12.963803098935,0 77.4973067634393,12.9635422810352,0 77.4971135436517,12.9629671611291,0 77.497028463062,12.9627103272895,0 77.4969064987442,12.9623009750834,0 77.4958712250232,12.962447429651,0 77.4954683535044,12.9625541293063,0 77.4953726520767,12.9622001969169,0 77.4949539547371,12.9622592204932,0 77.4948610026327,12.9617659687901,0 77.4949310066669,12.9613203178273,0 77.4949449030115,12.9611209047425,0 77.4947934796236,12.9608122926066,0 77.4946971144697,12.9606836165908,0 77.4946030466449,12.9604954242599,0 77.4945024794567,12.9602714430695,0 77.4944904623365,12.9602354333307,0 77.4948152816498,12.9604070998362,0 77.4951975174181,12.9603310770276,0 77.495600277063,12.9602354219779,0 77.4959277775008,12.9602129656306,0 77.495833428716,12.9597541572046,0 77.4959893350192,12.9597252214744,0 77.4958845373108,12.9593238783256,0 77.4957412775171,12.958842573795,0 77.4954074095882,12.9589163381921,0 77.4938946570672,12.9592416175247,0 77.4937804917462,12.9589730064693,0 77.4938250049213,12.9584811749872,0 77.4935975141296,12.9579293890761,0 77.4938172302297,12.9578223078631,0 77.4935010674983,12.9574633342637,0 77.4934202897491,12.9571714317286,0 77.4934477991765,12.9568346292449,0 77.4941421175828,12.9568941240657,0 77.4951573271626,12.9570123328905,0 77.4954235656072,12.9569927450366,0 77.4959452009715,12.9571916015318,0 77.4958317735458,12.9574541672692,0 77.4958120309855,12.9574349710635,0 77.495649164196,12.9575881710361,0 77.495504687872,12.9578313416366,0 77.4953529564182,12.9583594466864,0 77.4963581939059,12.958313440032,0 77.4973634302906,12.9582674295587,0 77.497776020111,12.9582943836794,0 77.498095810428,12.9582189039098,0 77.497729139884,12.9575562731912,0 77.4977871880628,12.9575475031269,0 77.4989891476904,12.9574070212316,0 77.4990099473564,12.9574911800735,0 77.4991874965575,12.9574324247894,0 77.4992240001888,12.9575340080926,0 77.4995141287426,12.9584651524428,0 77.4997914221144,12.9585424968754,0 77.5001045792993,12.9586958820554,0 77.5005093327741,12.9586713415111,0 77.5005779276229,12.9590431148773,0 77.500826328377,12.9594612953782,0 77.5007415510847,12.9597119737062,0 77.5006424725723,12.9597715425885,0 77.5013185660657,12.9606465186793,0 77.5019069208199,12.9611856614864,0 77.502447267088,12.9614469632363,0 77.5026937588236,12.9622603426604,0 77.502927187718,12.9629161122878,0 77.5033233724222,12.9639743306949,0 77.5041978482839,12.9636068770777,0 77.5041786677676,12.9625717375131,0 77.5041594882224,12.9615365978438,0 77.5041403096484,12.96050145807,0 77.5038788539666,12.9590249233722,0 77.5036030761757,12.9579086606495,0 77.5033051154567,12.957314775105,0 77.5029308405061,12.9573927434269,0 77.5027695714974,12.9571562158715,0 77.502475006968,12.9568034109668,0 77.5021002239463,12.9560376331977,0 77.5017890442779,12.956112520054,0 77.5012968881533,12.956166923326,0 77.5013067041508,12.9565021638107,0 77.5005454821797,12.9564650728832,0 77.5003065073057,12.9549225990738,0 77.5001483909282,12.9548767197051,0 77.5001472769183,12.9546570199347,0 77.499558578718,12.9545910544955,0 77.499452720135,12.9544443846001,0 77.499327779601,12.9535505823806,0 77.5004260254682,12.9533605516093,0 77.4997720774304,12.9520429433279,0 77.4994567646541,12.9509313002924,0 77.4991514470285,12.9498529127093,0 77.4988461328459,12.9487745242079,0 77.4985508133791,12.9477293912769,0 77.4973346389382,12.9478083682623,0 77.4960415094536,12.9479101535001,0</coordinates></LinearRing></outerBoundaryIs></Polygon></MultiGeometry>
  </Placemark>
  <Placemark>
	<Style><LineStyle><color>ff0000ff</color></LineStyle><PolyStyle><fill>0</fill></PolyStyle></Style>
	<ExtendedData><SchemaData schemaUrl="#alloted_handed_gba">
		<SimpleData name="fid">134</SimpleData>
		<SimpleData name="OBJECTID">2</SimpleData>
		<SimpleData name="LAYOUT_NO">BLR_60_2</SimpleData>
		<SimpleData name="LAYOUT_NAM">FURTHER EXTENSION SIR.M.VISHWESHWARAYYA</SimpleData>
		<SimpleData name="Division">WEST</SimpleData>
		<SimpleData name="CITY_NAME">BANGALORE</SimpleData>
		<SimpleData name="ENGG_QUERY">WITH IN BDAFORMED BOUNDARY</SimpleData>
		<SimpleData name="Shape_Leng">1373.01893556061</SimpleData>
		<SimpleData name="Shape_Area">92604.2355405917</SimpleData>
		<SimpleData name="div_lay">WEST#FURTHER EXTENSION SIR.M.VISHWESHWARAYYA</SimpleData>
		<SimpleData name="ID">W - 24</SimpleData>
		<SimpleData name="path">D:/5.BDA Audit/Layout/Shapefiles/Layout Boundary R1.shp</SimpleData>
		<SimpleData name="uid">134</SimpleData>
		<SimpleData name="KGISVillageName">Herohalli</SimpleData>
		<SimpleData name="HobliName">Yashavantapura-2</SimpleData>
	</SchemaData></ExtendedData>
      <MultiGeometry><Polygon><outerBoundaryIs><LinearRing><coordinates>77.485591306616,12.9809137361048,0 77.4860757654814,12.9820673631622,0 77.4862412252846,12.9820296403544,0 77.4863539296009,12.9825725177469,0 77.4873446709798,12.9822666100568,0 77.4875427097506,12.9826189119923,0 77.4877311233676,12.9830313650507,0 77.4891360884217,12.9823670320469,0 77.4890851300012,12.981301733914,0 77.489034172869,12.9802364356135,0 77.4885421561312,12.9803121010424,0 77.4880162830889,12.9796628360053,0 77.4872731434682,12.9799092773587,0 77.487005123608,12.9799696492898,0 77.4865675001126,12.9796817211384,0 77.4867479193977,12.9802466539445,0 77.4867324624072,12.9804824839984,0 77.485591306616,12.9809137361048,0</coordinates></LinearRing></outerBoundaryIs></Polygon></MultiGeometry>
  </Placemark>
</Folder>
</Document></kml>
