<?xml version="1.0" encoding="utf-8" ?>
<kml xmlns="http://www.opengis.net/kml/2.2">
<Document id="root_doc">
<Schema name="fixed_geometriesbda" id="fixed_geometriesbda">
	<SimpleField name="Names" type="string"></SimpleField>
</Schema>
<Folder><name>fixed_geometriesbda</name>
  <Placemark>
	<Style><LineStyle><color>ff0000ff</color></LineStyle><PolyStyle><fill>0</fill></PolyStyle></Style>
	<ExtendedData><SchemaData schemaUrl="#fixed_geometriesbda">
		<SimpleData name="Names">NORTH ZONE</SimpleData>
	</SchemaData></ExtendedData>
      <MultiGeometry><Polygon><outerBoundaryIs><LinearRing><coordinates>77.4272089900776,13.0788745137681 77.4272148272421,13.0789523622277 77.4272220832735,13.0790490972326 77.427236101766,13.0792360097706 77.4273995693219,13.0796270493887 77.4274501654264,13.079748080088 77.4275032744137,13.0798751264931 77.4275375979566,13.0799572290067 77.4276385562074,13.0801987327261 77.4276844810794,13.0803622354354 77.4278332092586,13.0808917863537 77.4279463689374,13.0812946971729 77.4279797795461,13.0814136549301 77.4280115008448,13.0815265984663 77.4280531749211,13.0816749720702 77.4280940227699,13.0818204089276 77.4281462409085,13.0820041006042 77.4281477438686,13.0820093925834 77.4283240328332,13.0824397246102 77.4285114319201,13.0830703168109 77.4285265570167,13.0834584602172 77.4287785468058,13.0837445317745 77.429569052051,13.0835041158987 77.4301013917052,13.083480094611 77.4310734274402,13.083271249497 77.4319241644735,13.0831839608526 77.4324184564167,13.0831332448485 77.4330289751313,13.0830706001644 77.4330471719811,13.0831044787844 77.4330653688364,13.0831383574022 77.4332137985451,13.0831332917002 77.4344213747014,13.0830879770572 77.4344262745714,13.0830864342998 77.4349343540239,13.0829265864928 77.4351434395528,13.0828608062193 77.4354180206006,13.0828063961241 77.435450142765,13.0828000305104 77.4359724432671,13.0826965354792 77.4362626044364,13.0826390376101 77.4370597459594,13.0825577251258 77.4376780431233,13.082708815003 77.4392938448325,13.0830122514234 77.4415961509172,13.0830408070038 77.4424632747088,13.0830515562564 77.4440224030553,13.0827108275332 77.4447239779379,13.082547884516 77.4451743464401,13.0824699757253 77.4456041458652,13.0823855695697 77.4459223387314,13.082376382785 77.4459280194212,13.0823753112162 77.4461798156387,13.0823277606182 77.4464637588956,13.0822730908939 77.4467518210127,13.0822176277829 77.4469910714901,13.0821715600694 77.4472723576947,13.0821174004391 77.4476191701635,13.0842430103087 77.4476629600682,13.0845172558652 77.4472788802987,13.0856869489027 77.4469404454266,13.0867176317126 77.4465146893693,13.0880343071411 77.4465380108227,13.0890767206697 77.4465336549007,13.0892540845216 77.4464916045462,13.0909660691854 77.4465027103202,13.0911664928134 77.4465465434555,13.0919573795271 77.4465756111297,13.0924818615919 77.4465868889064,13.0926853297802 77.4466005957672,13.0929326250088 77.4466082650443,13.0930710253688 77.4466202926779,13.0932880476169 77.4466340261121,13.0935358653118 77.4466346895629,13.0935478519865 77.4467794280409,13.0943918938203 77.447040313735,13.0950897216196 77.4481394485071,13.0950415946158 77.449385558091,13.0950181829368 77.4506803547769,13.0949605487931 77.4507081041072,13.0949593135713 77.4508645817429,13.0949429234891 77.4513282794915,13.0948965203736 77.4513406833353,13.094897378532 77.4522114841953,13.0949576784458 77.4529212653326,13.0950551043994 77.4535237089097,13.0953725609364 77.4535360905679,13.0953759426792 77.455453769269,13.0958994597942 77.4571750320405,13.0963999062351 77.458155044841,13.0974700610875 77.4583682906334,13.0977029166644 77.4586456516637,13.0979735399671 77.4590202757796,13.0983390646188 77.4595313963751,13.0988377680835 77.4603623504627,13.1008070881119 77.4603439331459,13.1011721288484 77.4595571776841,13.1025066941007 77.4595983939694,13.1027590736014 77.4596391105307,13.1029609028079 77.4598282813747,13.1038185256604 77.4598431923707,13.1040206011164 77.4606933661292,13.1038734588204 77.4615434126994,13.1037136746165 77.4616976585402,13.1045474577925 77.4617464341092,13.1048836493752 77.4618412394479,13.1055370829172 77.461885110936,13.10585560377 77.4615224208973,13.105919220897 77.4613216405153,13.1059422220658 77.461127089816,13.105964508996 77.4608621779136,13.1059948532578 77.460630757656,13.106021363946 77.4603770139,13.1049997391284 77.4603388314392,13.1049938748673 77.4603006489791,13.1049880106001 77.4602542152041,13.1054366419726 77.4603111368117,13.1059555634271 77.4603660765647,13.1064564346684 77.4602037648886,13.1067567651612 77.4600617279826,13.1072999532458 77.4600799177028,13.1079604387018 77.4596726529411,13.1085224801186 77.4597717238282,13.1085443123838 77.4600022013061,13.1086197352575 77.4600969848584,13.1091778193648 77.4601739185553,13.1096199779912 77.4600932911447,13.1096451177687 77.4599446524675,13.1096603390563 77.4599166584759,13.1096606064237 77.4598886668431,13.1096608737655 77.4599116286214,13.110093218165 77.460005359752,13.1101349698065 77.4605049911341,13.1113124209227 77.4598965993422,13.111542296806 77.4598854424243,13.1121745918695 77.4597724384686,13.1125060054835 77.4597557455384,13.1131857720363 77.4602382420429,13.1132097880378 77.4603782981342,13.113569484149 77.4602055725056,13.1143313698345 77.4599133313588,13.1143341620657 77.4599107612046,13.1155834086354 77.4598736294407,13.1162563504127 77.4600109187468,13.116412421219 77.4605024089034,13.1167252002168 77.4617610704901,13.1175262021778 77.4621733274209,13.1177434777809 77.4630178592381,13.1182860202491 77.4638177144162,13.1187998572623 77.4642458377932,13.1194111182269 77.4644900110316,13.1197026329716 77.4648249824825,13.1201589866686 77.4651358377859,13.1206248735104 77.4636177310437,13.1219600419893 77.4629238646582,13.1226020972042 77.4614324449432,13.12392156662 77.4608554074814,13.1245149939133 77.4605369255145,13.1248673747782 77.4599131861574,13.1253290878402 77.4591722991662,13.1258816889683 77.4579998574182,13.1267634428282 77.4567614848208,13.1277704301734 77.4566211160054,13.1276524828387 77.4560416242068,13.1281622742969 77.4551719783318,13.128927311749 77.4586265576538,13.1276078035092 77.4600836173024,13.1272362851714 77.46008369263,13.1272362659471 77.4600837679805,13.1272362490356 77.4600846295507,13.1272360303143 77.4606301991555,13.1270978363914 77.4606429151275,13.1270955151083 77.4618271229008,13.1268791851472 77.4619755896414,13.126676116064 77.4634614081762,13.1263711155185 77.4640625742217,13.1282595409219 77.4640957881738,13.1284320231746 77.464125873585,13.1285882496927 77.4641779558477,13.1288587117084 77.4641801286597,13.1288699967376 77.4643346654752,13.1291464391688 77.4642566147225,13.1295071051215 77.4643553494059,13.1298527752779 77.4639800227895,13.1304429661556 77.4645097704577,13.1303178836444 77.4645149570496,13.1308377708289 77.464527812848,13.1309471486845 77.4645558269449,13.1311854454958 77.4645744386612,13.1313437686365 77.4645386651799,13.1317552827986 77.4644840101782,13.1323840209246 77.464426744759,13.1330427718505 77.4649361447589,13.1332797410777 77.4654677408169,13.1335270365349 77.4654720655795,13.1335290489902 77.4658382672469,13.1343400428027 77.4679283301171,13.1342110899898 77.4686469645713,13.1341122874446 77.4694077184294,13.1336878747434 77.4695353336213,13.1333257978908 77.4700832600356,13.1331941935045 77.4707426776289,13.1329581363094 77.4709576557462,13.132804628928 77.4720674211889,13.1324304864552 77.4730063420348,13.132127697889 77.4730118798027,13.1320431982606 77.4727407494391,13.1315308884482 77.4726584668611,13.1314371301959 77.4725709240704,13.1313535232059 77.4723100314239,13.1310131758059 77.4721705983872,13.1307511317156 77.4720613291949,13.130644564336 77.4725306583733,13.130453342977 77.4725617817674,13.1304408474825 77.4725929098542,13.1304283496266 77.4728061265245,13.1303427506632 77.4732329353943,13.1301713983234 77.4733592370276,13.1300835330892 77.4733853968213,13.1300653328995 77.4734115613303,13.1300471326624 77.4741788787798,13.1292750214287 77.4747814725683,13.1289118110524 77.4750171291738,13.1286913617373 77.4751373168901,13.128617612871 77.4752478063498,13.1285317379082 77.4753271847968,13.1284279939899 77.4756203361336,13.1283020143918 77.4757578573221,13.1281936469025 77.4762671806969,13.1277828680624 77.4766890327306,13.1277581449857 77.4767476273932,13.1279247916456 77.4767770161398,13.1279057551872 77.4768064048815,13.1278867187262 77.4767089725793,13.1274770948458 77.4766086340127,13.1272097621109 77.4765065473488,13.127030766532 77.4763952287072,13.1268150281677 77.4762117607531,13.126484671532 77.4762420134019,13.1264630710172 77.4762722707182,13.1264414658289 77.4763890781169,13.1264200521391 77.4766290335215,13.1262905269999 77.4766259982682,13.1259876670767 77.476666382538,13.1256964998189 77.4769627255652,13.1250212252906 77.477410564929,13.1249287155246 77.4771009656459,13.1245011852671 77.4770249387162,13.1242268669186 77.4764993614904,13.1241840918995 77.4761444552534,13.123887840365 77.4760621546991,13.1236066938829 77.4756632402302,13.1236916895949 77.4756505256007,13.1233958128505 77.4756221363488,13.1229950575761 77.4756030193528,13.1225464688893 77.4755686307002,13.1223711278796 77.475552428714,13.1221956766603 77.4755510981105,13.1221832249034 77.4755484345214,13.1221583190994 77.4755365873981,13.1220475172413 77.4755238315192,13.1219282101051 77.4755013924332,13.1217937606268 77.4754186648237,13.1211624605656 77.475384197733,13.1208965098738 77.475336071773,13.1205252008932 77.4752828419452,13.1197697091107 77.475227071394,13.11906844597 77.4756252757297,13.1191599889591 77.4758717172666,13.1192166429775 77.4756804373699,13.1185528213229 77.4756888835431,13.1176576302053 77.4757205493513,13.1173419068362 77.4756693462351,13.1165751638227 77.4759294675206,13.1164703644266 77.4765663809104,13.1168898507846 77.4768044520038,13.1166312263258 77.4771698128702,13.1164127280366 77.4780705671461,13.1164657802866 77.4795384779829,13.1166140710637 77.4798148892453,13.1164753812447 77.480989377221,13.1164626933402 77.4808697701117,13.1158076142862 77.4808477217659,13.1153403367959 77.4815413942736,13.11527415314 77.4817733432443,13.1159009020877 77.4818111255705,13.1162065301103 77.4821101924962,13.1163980713657 77.4823079242916,13.1164549184542 77.482552816578,13.1165253270804 77.4826592333867,13.1165559235142 77.4827060521534,13.1170579932984 77.4827678927488,13.1174891880597 77.4829519690598,13.1180005571568 77.4832186840065,13.1181447040308 77.4834590213941,13.1183497552751 77.4837897510286,13.1185990064475 77.4841506789439,13.1187222244173 77.4843104776064,13.1187717150354 77.4848347753224,13.118698105176 77.4848631996292,13.1188763325915 77.4852962949245,13.1190584983659 77.4854325178109,13.1194543716223 77.4853244110685,13.1195354065474 77.4851354100864,13.1195771576502 77.4843455033589,13.1197516535491 77.4832951239844,13.1194471434599 77.4831079954157,13.1197752508185 77.483123991105,13.1201829738994 77.4831738180292,13.1204039119738 77.4836541563852,13.1205594117547 77.4830637673167,13.1205666606488 77.4825015379459,13.1208276912343 77.4823737317606,13.120939052969 77.4824894120368,13.1216160414878 77.4821518794776,13.1229467771534 77.4822630195659,13.1236426877466 77.482527304071,13.1248895250978 77.4825708740252,13.1250000754694 77.4826434780636,13.1251839275786 77.4826620335337,13.125302745241 77.4828384248141,13.1255815368988 77.4824822568624,13.1255509735726 77.4825098885948,13.1258149778401 77.4825965698886,13.1259929602708 77.4826254886783,13.1260897765795 77.4825566134485,13.126338213838 77.4824486872995,13.1265743205857 77.4822029975772,13.1267387413977 77.4823817086216,13.1269103217629 77.4823722778653,13.1272285800653 77.4823111923844,13.1277586712237 77.4821112323388,13.1276862833535 77.4816760715968,13.1278112482205 77.4815442482525,13.1279727174092 77.4808635481238,13.1283027963351 77.4803833332631,13.1285111410116 77.4790913557473,13.1289054819299 77.4786246967877,13.1290807704624 77.4779886269168,13.1291898814966 77.4778897890237,13.1292131213863 77.4775186757741,13.1293003769697 77.4776936192794,13.1296665076621 77.4777429154633,13.1298518234576 77.4778146233575,13.1302257462821 77.4778096170166,13.1308265807832 77.4777470147806,13.1321178446612 77.477762931037,13.1329205860941 77.4777620790936,13.1329521106683 77.4777612318703,13.1329836351969 77.4779114804359,13.1333458490515 77.4780023992153,13.1337863961634 77.4790861763962,13.1335164167595 77.4802087059843,13.1331989398741 77.4809909121663,13.1330635221113 77.4813227083322,13.1329759671188 77.4817800830984,13.1329472971446 77.482317379915,13.1328396331529 77.4826139004771,13.1326635744207 77.4830146890445,13.1323090822299 77.4837060913876,13.1320191983754 77.4839425913643,13.1318743901376 77.4842293575145,13.131825934642 77.4842614593188,13.1318296004783 77.4842951185702,13.1318412309342 77.4846176019447,13.1311627393107 77.4846075443813,13.1307787068027 77.4848192041996,13.1309140439372 77.4849644024343,13.131067393302 77.4857333898039,13.1328715252229 77.4856182171729,13.1332213081735 77.4864423568621,13.1338053195696 77.4868971810421,13.1341805788964 77.4873016075408,13.1350102628543 77.4876798901362,13.1356419448479 77.4880588774522,13.1363433519738 77.4880837854779,13.1364593338788 77.4884423139321,13.137367009446 77.488714533923,13.1376820493914 77.4891283277726,13.1379104861818 77.4893952975771,13.138489005833 77.4897041749972,13.1392995669986 77.4902121282046,13.1392257065863 77.4902822991683,13.139930125598 77.4901465836672,13.1400656765347 77.4901488403754,13.1402893804678 77.4903334039536,13.1404665741067 77.490473182243,13.1407336914106 77.4905510532599,13.1411648869108 77.4906183808364,13.1415376996088 77.4908992946343,13.1422061584414 77.4910399779613,13.1425627538397 77.4917583831443,13.1455651817163 77.4917611631061,13.1455766107147 77.4926137490055,13.1490803056044 77.4931212139431,13.1512427516166 77.4932453351763,13.1517716610401 77.493245495515,13.1517723464237 77.4932478201936,13.1517718728313 77.4932482064718,13.151771795067 77.4933964457836,13.1517415227377 77.4948178271043,13.1514444669958 77.4956485982718,13.1513391591244 77.4968301483472,13.151056430046 77.498287194564,13.1509264791343 77.500179691064,13.1500107524883 77.5011395148951,13.1498588661897 77.5018458141149,13.1496900617358 77.5025623857742,13.1495617493937 77.5029347757146,13.1494951999741 77.5029460897529,13.1494933064553 77.5029687154454,13.1494895171264 77.5040486621704,13.1493086995283 77.5046553758745,13.1491886366634 77.5051154061461,13.149023971627 77.5051926385378,13.1489879903532 77.5060423740234,13.1485921123521 77.5065767164506,13.1482386040585 77.5067603050755,13.1481967366001 77.5067611786558,13.1481965384158 77.5067620569323,13.1481963378727 77.5073898964904,13.148053160611 77.5074214714981,13.1480463646697 77.5079449897964,13.1479336339645 77.5096236028633,13.1476129458698 77.5097825185975,13.1475862310802 77.5100239809056,13.1475456416734 77.5103984828954,13.1474785874676 77.5107874832497,13.147443371548 77.5107981268515,13.1474424094229 77.5109175434986,13.1474239971252 77.5110189173062,13.147408365483 77.511024874256,13.1474074491634 77.5111039152506,13.1473881686311 77.5112674907915,13.147344442277 77.5115520896883,13.1472683684999 77.5127417873912,13.1469565421026 77.5127735705605,13.1469482100608 77.5129673544714,13.1469209580565 77.5139354954599,13.1467086230814 77.5140768976676,13.1469053690206 77.5141716287577,13.1470371744523 77.5142923183448,13.1472051030036 77.5144418166353,13.1472803237649 77.5145997854374,13.1478746629973 77.5147398189107,13.1483961039158 77.5148747791662,13.1489277479311 77.5149281994289,13.1491418408383 77.5150314429588,13.1495556177499 77.5152821913904,13.1507713666737 77.5153296388837,13.1510585475244 77.515466294947,13.1518856556894 77.5155367525689,13.1522673032352 77.5155751520485,13.1524774190025 77.5155881232358,13.1529112118382 77.5156031585809,13.1531452405165 77.5156446031923,13.1536524177263 77.5156918001534,13.1542153764213 77.5157365598811,13.1550473763082 77.515788952554,13.1561200805113 77.5158430924551,13.1568555474934 77.5160598414005,13.1572850807115 77.5166437175658,13.1573003348114 77.5167825892859,13.1573236541059 77.5170990397212,13.1573767914322 77.5176200556861,13.1575277440659 77.5179867204172,13.1575935087229 77.5187511036056,13.1578750139229 77.5194002815569,13.1580304593499 77.520005745246,13.1581863853775 77.5205069078438,13.1581914838736 77.5209267390674,13.158202588824 77.5215046129471,13.1582214452657 77.5215400886379,13.1582226047537 77.5217613250218,13.1582349954515 77.521923399772,13.1582495215159 77.5226818991274,13.1583175023775 77.5229727281574,13.158305540272 77.5231211081174,13.1582994374307 77.5235223018737,13.1582781535982 77.5239518842167,13.1581467674739 77.5236840125274,13.1590233420696 77.5257630449697,13.1581160337687 77.5269272460796,13.1576139236467 77.5273416887226,13.1574473036357 77.5286648149427,13.156915347009 77.5295612016322,13.156543068175 77.5306167744296,13.1561722542418 77.5307148604285,13.1563101034423 77.531286733962,13.1567713939537 77.5317384999553,13.1571623813379 77.5318507713338,13.1572595477389 77.531938529991,13.1573141654983 77.5328082468592,13.1580102716535 77.5331994843868,13.1583240966825 77.5338778413875,13.1589190947389 77.5340725362066,13.1592307252146 77.53415484995,13.1594433828902 77.5343679816869,13.1599940226917 77.5345676652373,13.1606104155134 77.5346403696204,13.1607863724298 77.5348641449755,13.1612384685031 77.5353733340983,13.1621510984898 77.5354129568658,13.1625853168299 77.535467722307,13.1628224568956 77.5361660031313,13.1636787546284 77.5365297555002,13.1643485686204 77.5366523338229,13.1645926053574 77.5366947360471,13.1654041477324 77.5367001654284,13.1655080663181 77.5366391718482,13.1664433467275 77.5364959359192,13.1669550307592 77.5365119638619,13.1672171990776 77.5367109580442,13.1676559487752 77.5365355607315,13.1686006961438 77.5363600273217,13.1688537103559 77.5363179527582,13.1689143579221 77.5362990148111,13.1689371094576 77.5358284763263,13.1695023370614 77.535413517149,13.1700356731009 77.5355723521659,13.1703918259124 77.5356496443031,13.1706066757679 77.535244341366,13.1711056143624 77.535539610699,13.1717403112549 77.5356655654043,13.1719813077843 77.5356795725332,13.172335980479 77.5360134136505,13.1723301439959 77.5361703728146,13.1723458038637 77.5370592086426,13.1725231889698 77.5374813201047,13.172586369343 77.5389010689229,13.1727988616283 77.5393957505868,13.17262984273 77.5403403420188,13.1739619032408 77.5412711894407,13.1740440845227 77.5412713736911,13.1740440988864 77.5413317973665,13.1740601432269 77.5426507063409,13.1744110902002 77.5431434493418,13.1744545482887 77.5445410176916,13.1745778096441 77.544680522715,13.1745671227249 77.5447864792478,13.1745590052628 77.5466935293591,13.1742559474239 77.547317154166,13.174249751947 77.5486889741409,13.1742467802832 77.5487729938968,13.174243694621 77.5490841030519,13.1742538725983 77.5488658680098,13.1736338587901 77.5487894138514,13.1736294912814 77.5488170158357,13.172618936648 77.5488478603055,13.1724324997282 77.5490773749202,13.171105274028 77.549772189738,13.1702554781585 77.5499385783072,13.1700509440063 77.5499377820944,13.1700506373773 77.5494895258712,13.1698790986592 77.5494862700085,13.1698778520273 77.5493037704753,13.1694581607233 77.5499908889118,13.1699776273236 77.5502960262827,13.169718242893 77.5511954516195,13.1692390700191 77.5518979450905,13.1688775605613 77.5527957953888,13.1690640967766 77.5528072718492,13.169064884549 77.5538327684504,13.1691351361462 77.5538244912337,13.1693135817771 77.5541486468307,13.1693400735692 77.5541713521641,13.1695776572854 77.5548995951822,13.1695307707986 77.5549422891792,13.1707193893587 77.5557236009762,13.1709097807962 77.5557538886205,13.1709117131293 77.556019174934,13.1709286563633 77.5580811878573,13.1714252724294 77.5580879082737,13.1716164134589 77.5582197199185,13.1717672267392 77.5584260642785,13.1720033194173 77.558544707778,13.172139063971 77.5586275815824,13.1722338861214 77.5612279127082,13.1735584539413 77.5612623316128,13.1735756412671 77.5616440151551,13.1737624250131 77.5626161736529,13.1742096668192 77.5628959781776,13.1743283898119 77.5631001239348,13.174425922567 77.5635067446237,13.174565441156 77.564449697685,13.175168279187 77.5644526891758,13.1751701920246 77.5644494772724,13.1754402820506 77.5644309155716,13.1755498730291 77.5644219415392,13.175799499109 77.564420731934,13.1758331441325 77.5644319093427,13.1759384110019 77.5644425787621,13.1760388676745 77.564441023553,13.1760653926917 77.5643477689111,13.1776551654822 77.5643209503259,13.1779887285951 77.5642198538627,13.1792460506242 77.5642157681633,13.1792784384999 77.5642157616374,13.1792784917599 77.5640742477471,13.1803994916954 77.5640907383643,13.1813518030392 77.5640476400226,13.181507271369 77.5639887898544,13.1827422244773 77.5639813800061,13.1828977335009 77.5638690854503,13.1840312541744 77.5648455799471,13.1831977170473 77.5649568883663,13.1831644246217 77.564627648877,13.1824533623747 77.565186605272,13.1831492517163 77.5661405155608,13.1826699032336 77.5662979944213,13.1826554505822 77.5675898000119,13.1831335360677 77.5690408249277,13.1836705344757 77.5698677533373,13.1836107582653 77.5704484665768,13.1832445357814 77.5709140625301,13.1831755082478 77.5723709651561,13.1830643511946 77.5740112038115,13.1828998591314 77.5742291374141,13.1817585668249 77.5742475315836,13.1817121284277 77.574293125035,13.1815970343426 77.5742978917728,13.1815617417591 77.5743053160881,13.1815068122813 77.5744786279183,13.181197529395 77.5753753788479,13.1795972257147 77.5756616326778,13.1790863830738 77.5758964183963,13.178603820364 77.5764641263354,13.1774600603495 77.5764752811184,13.1774578250781 77.5764807430872,13.1774567294176 77.576497456381,13.1774533766991 77.5765592820185,13.1774146982121 77.5776817525682,13.176606870979 77.5786922127101,13.1760000126697 77.5790728459687,13.1757458933584 77.5794765290583,13.1756726884989 77.5803641043444,13.1753038306563 77.5808098231614,13.1751652600448 77.5813495907022,13.1749696544004 77.5819007962166,13.1747699036982 77.5822646693553,13.1746589718616 77.5826349666751,13.1745502968805 77.5829058858223,13.1744707923647 77.5846302261136,13.1740567998442 77.5847247503538,13.1740341067565 77.5851085952858,13.1738369021641 77.5856352762592,13.173567955106 77.5855889322114,13.1734278171185 77.5855586390133,13.1733266910898 77.5853646713134,13.1731051748391 77.5845800243113,13.1731220246271 77.5845670489492,13.1727556607154 77.5847392027941,13.1726377196728 77.5848596601936,13.1725997251943 77.5850541078366,13.1725383980999 77.5852392609811,13.1724800000554 77.5854470229574,13.1724144702727 77.5856760646504,13.1723422314679 77.5857716471463,13.1723235193062 77.5859610219673,13.1722864413522 77.5859870250435,13.1722813523324 77.5860130257338,13.1722762610215 77.5861709074422,13.1722948152507 77.5863523327926,13.1723161338813 77.5865032693378,13.1723338721579 77.5866759819572,13.1723541706185 77.5868536429102,13.1723750481091 77.5869379265318,13.1725797920168 77.5871598165899,13.1726034863391 77.588093084215,13.1725940677019 77.5882275934611,13.1725839213982 77.5882687447128,13.1724322783198 77.5882566526199,13.171933326835 77.5886225636008,13.1716037447208 77.5886920519832,13.1715377374182 77.5893511683197,13.1709116155759 77.5903366056476,13.1700003854658 77.5904808037985,13.169867045456 77.5907712071372,13.1694916910397 77.5911715510179,13.169041707354 77.5913802211344,13.1697596196296 77.5915081584898,13.1701951696036 77.5916397972254,13.1706428333024 77.5916416606616,13.1706490080648 77.5919212245227,13.1715758807067 77.5923385546746,13.1731348175195 77.5935891039583,13.172945574481 77.5944784893137,13.1727898267423 77.5946593797738,13.1727581500331 77.5963665661152,13.1724599324796 77.5967047169303,13.1724130559534 77.5976028165938,13.172288559214 77.5978339811542,13.1722739989138 77.5978640863651,13.1722721004033 77.5985281771745,13.1724319682258 77.5999759900505,13.1727804792643 77.6007427113204,13.1721586879453 77.6015024269525,13.1722160410463 77.6026787338445,13.1723219358271 77.6027086608876,13.1723246293694 77.6036490977862,13.1724372246445 77.6039642247081,13.1724749531783 77.6058937851652,13.1726005021419 77.6076031701779,13.1727318325136 77.6080103450084,13.1728291950427 77.608299101074,13.1728982417507 77.6085241153604,13.1729520457789 77.6085342093805,13.1729544593442 77.6096189276359,13.1730896532666 77.6096899874097,13.1734236295213 77.609696341193,13.1734534847462 77.6096949675956,13.1736710071668 77.6096926031006,13.1740455191121 77.6111943551047,13.1740720421591 77.6115017751313,13.1740855024015 77.6131723379684,13.1741586417888 77.6131529484991,13.1740663046741 77.6148880445538,13.1739697791938 77.6149722478977,13.1739733260926 77.6163527561466,13.1740314539372 77.6163552065693,13.1733832847348 77.6162886869206,13.1723127034389 77.6162865263288,13.1722779559352 77.6163397011036,13.1719242274378 77.6163560105474,13.1716731138672 77.6163857526432,13.1708881527264 77.6164527087218,13.1691863980782 77.6164533606043,13.1691602321614 77.61646605742,13.1679999087244 77.6163757603952,13.1678730909465 77.6167949651587,13.1680860488004 77.6174904413728,13.1684191147992 77.6176554062691,13.1685886145161 77.6179496199188,13.1685949062982 77.6186994366182,13.1686151335337 77.6188316675937,13.1685580166255 77.6189834693411,13.1685564665213 77.6193254191782,13.1685901537546 77.6195551995689,13.1677472870539 77.619997588285,13.1678257234512 77.6200270395481,13.1678310170769 77.6200272200026,13.167831119306 77.6205554982587,13.168131891895 77.621258415272,13.1684324347891 77.6213171049798,13.1680766566576 77.6214058502946,13.1676213117252 77.6215438084887,13.1669134606228 77.6219228481288,13.1669614676046 77.6218437964627,13.1676094554561 77.6218038866288,13.1678160145885 77.6217235587949,13.1682317329283 77.6216496082351,13.1685869662964 77.6219525519711,13.1686361206544 77.6222554934496,13.1686852792802 77.6228435951985,13.1687837795501 77.622859728746,13.1681264929039 77.6229714155369,13.1678623646939 77.623021832709,13.1676342060147 77.6231905809985,13.1670084050841 77.623317178673,13.1665324853302 77.6233561476042,13.1660976521702 77.6233581452053,13.1660753625895 77.6233591452227,13.1660642212559 77.6233687385134,13.1659693387557 77.6233993864001,13.1658813664126 77.6238192985571,13.1646537881188 77.624419198629,13.1630480112663 77.6240125158081,13.1622807412177 77.6231917500602,13.1609414575119 77.6223230615986,13.1595561850672 77.6221572571189,13.159321979502 77.6229291097939,13.1585620976634 77.6234692217371,13.1580007432399 77.6236831311995,13.1578402072023 77.6237652621452,13.1577899679785 77.6238472743062,13.1577445357751 77.6238575356034,13.1577429900522 77.6238780606063,13.157739903206 77.6239237801892,13.1576596054403 77.6240628517703,13.1574576387218 77.6242041533015,13.1574126155654 77.6250534650715,13.1568101226107 77.6257091542697,13.1563745532981 77.6263044893633,13.1559659928907 77.6271280787443,13.1553703769361 77.6276940331163,13.154992473752 77.6280131086107,13.1547772845977 77.6291542667368,13.154561593693 77.6297586638479,13.1545567329938 77.6303225681924,13.1546011532531 77.6315355551712,13.1546723820829 77.6311470024722,13.152838254004 77.631104052583,13.152635520619 77.631699231593,13.1520982572761 77.6322193331549,13.1516287570426 77.6322422185621,13.151608096638 77.6325318215949,13.151292753131 77.6325402849618,13.1512835358097 77.6328475856419,13.1510746516973 77.6329393649281,13.1510317744095 77.6336726141848,13.1506892323913 77.633753996866,13.1505669392406 77.6349653350416,13.149785271564 77.6356925570466,13.1492817489058 77.6365591838814,13.1483267704633 77.6366991955059,13.148172685855 77.6368616589524,13.1479938908006 77.637001168749,13.1478403593526 77.6373256047725,13.1474833105327 77.6376551322424,13.1470602487838 77.6376307110667,13.1468098357219 77.6376045352409,13.146541415511 77.6375821337252,13.1463116964971 77.637560185673,13.1460866398349 77.6375340101546,13.1458182195743 77.6375162528691,13.1456361614449 77.6375048745572,13.1455194686132 77.6374240614503,13.1451205487723 77.6374232299389,13.145110756102 77.6373797550062,13.1445992778277 77.6372411255442,13.1433437687571 77.6372153821998,13.1430361806576 77.6372027814205,13.1428127785769 77.6371893451559,13.1425745653008 77.6371683158866,13.142201722275 77.6371593571852,13.1420428648557 77.6371161107433,13.1410278102279 77.6372874299417,13.1409900155567 77.6373290118712,13.1408634566037 77.6372757910715,13.1407302734119 77.63718800477,13.1405105892646 77.6371210606996,13.1403430575844 77.6370752428753,13.1401802790648 77.6370040915644,13.1399274935742 77.6369552961506,13.1397541372096 77.6369165012282,13.139616307635 77.636889382097,13.1395199590587 77.6365977518079,13.1389632087434 77.6365821276834,13.1389333848931 77.6363230128505,13.1383605787055 77.6368526809616,13.1379407026173 77.6368603770983,13.1379346013942 77.6371187027243,13.1377692272923 77.6371944754028,13.1376539458604 77.6374253855793,13.1375489598334 77.637809609497,13.1374302516809 77.6380283021011,13.1374226093964 77.6381610391382,13.1374179722428 77.6386895320443,13.1373558445975 77.6392188855939,13.137374709195 77.639435652749,13.1375425796598 77.6399237591822,13.1375699653353 77.639932791846,13.1373997739746 77.6399375232997,13.1373106311843 77.6404014347473,13.1373949671174 77.640432337697,13.1371921503118 77.6407440635237,13.1369621537362 77.6407319731292,13.136782884746 77.6407145850566,13.1365250663979 77.640706285845,13.1361285966585 77.6406956631968,13.1355289853877 77.6410753424283,13.1354683846006 77.6410361883336,13.1349650340471 77.6413182811642,13.1348928961773 77.6414438946734,13.1351406060431 77.642153040944,13.134963222483 77.6422700461806,13.1358529974461 77.6423089919805,13.1360444439655 77.6423434171956,13.1362136772999 77.6423834990814,13.1364107180637 77.6425041778137,13.1368711642292 77.642632201501,13.1369855657448 77.6427485415414,13.1370183453246 77.6428920156727,13.1370587668083 77.643069433075,13.1371175280029 77.6432309869533,13.1373114969668 77.6433906279432,13.1372772000783 77.6436269427241,13.1372264298651 77.6440594410475,13.137116000035 77.6445983578942,13.1371731041097 77.6447938173759,13.1373278213319 77.6450258619765,13.1374776174477 77.6451683984602,13.1375826728427 77.6453684992457,13.1377187986334 77.6454014808311,13.1377103578437 77.6454344647978,13.1377019193383 77.6454851968148,13.1378066959812 77.6456089399424,13.1377811206092 77.6457263296103,13.1379338074662 77.6458995921197,13.1378996254957 77.6462743902397,13.138154960761 77.6465208889662,13.1383878698812 77.6470485076671,13.1382447415945 77.6475114677162,13.1382399730575 77.647743120207,13.1382537847102 77.6478864892149,13.1383217065878 77.6481753365388,13.13836181347 77.6483895188921,13.1383929206534 77.6486303191795,13.1383954184017 77.648993452114,13.1384271963059 77.6494635471081,13.1383170544601 77.6498966309107,13.1382049159932 77.6507992527927,13.1379711907888 77.6515907187762,13.1377605336212 77.6515193632529,13.1372752845002 77.6513431483732,13.1362646343446 77.6512582183297,13.1360549159026 77.6512404656302,13.1359417016398 77.6513747163851,13.1358165241374 77.6514813701889,13.1357170775939 77.6515121181747,13.1356969269458 77.6516173131551,13.1356279857032 77.6516948344614,13.1355771814211 77.6518207527752,13.1355418861968 77.6519568886221,13.1355037311159 77.6521316948253,13.1354547376058 77.6523716526219,13.1353874792707 77.6525831362416,13.1353282018729 77.6530033693625,13.1352104171921 77.6531351052846,13.1351734933585 77.6533187333588,13.1351183026228 77.6535046405107,13.1350624245088 77.6536719281637,13.1350121431889 77.6538833674101,13.1349485937871 77.6541675316713,13.1348631856561 77.654866595862,13.1347135461732 77.6552322956408,13.1346352667038 77.6555235431959,13.1346089328377 77.655655459716,13.134597005899 77.6563707814235,13.1345159456013 77.656817460804,13.1344653262261 77.6571934063076,13.1344251110915 77.6572056598097,13.1332586244126 77.6572069930839,13.1331235348249 77.6572273929746,13.1323006975759 77.6571846850677,13.1318026093261 77.6571831184941,13.1317934211085 77.6571826425858,13.1317906392653 77.6571785473889,13.131766625244 77.6570468834234,13.1308562429825 77.6570083637966,13.1306004346705 77.6570075433591,13.1305908502114 77.6570059048689,13.1305716835813 77.6569683240523,13.1301322121476 77.6569087542517,13.1294856743701 77.6568883679214,13.1293398817687 77.6568237000825,13.1288623252204 77.6567230724685,13.1283618098763 77.6567056836932,13.1282500726384 77.6565592272288,13.1273231052994 77.6564979547687,13.1269763802089 77.6563569047415,13.1257952730805 77.6568361187543,13.1259429577548 77.6570981954891,13.1260019897286 77.6571382272474,13.1262142420322 77.6575494219748,13.1263347878947 77.6585882185294,13.1265681852335 77.6589404858129,13.1265980522564 77.6594350611076,13.1266791044982 77.6597579665829,13.1267187442695 77.6605215887359,13.1268477264629 77.6605340701524,13.1268491653462 77.6605590542946,13.1268520498285 77.6608287723507,13.1268792781742 77.66103013422,13.1272811449436 77.6614033335159,13.1272491455632 77.6618785261834,13.1271044327316 77.663965957289,13.1275675540783 77.6648661723454,13.1278475554082 77.6652502146388,13.1281039528978 77.6655694084006,13.1282394641958 77.6657501717725,13.1281481697319 77.6658579558829,13.1281709861847 77.6666785067288,13.12810982306 77.6667557199986,13.1280212019378 77.6668368438524,13.1280380132432 77.6669402681364,13.1280676805637 77.6674930813936,13.1281006082466 77.6681073490874,13.1279858660428 77.6683658219719,13.127930530247 77.6683738391787,13.1277676922575 77.6688103979114,13.1276713507197 77.669227912779,13.1275877799853 77.6696458706357,13.1274838805044 77.6702119489179,13.1273966293662 77.6705180286753,13.1273810905409 77.6707802511316,13.1273429427775 77.6709382710616,13.1273413019019 77.6713840524552,13.127378875789 77.6715420676113,13.1273772345872 77.6715552060436,13.1272358350591 77.6716586563833,13.1261224680379 77.6717622512951,13.1256671407901 77.6718819324194,13.125662114242 77.6719074684413,13.1256630284519 77.6719202341178,13.1256634878927 77.6720679329385,13.1256543011932 77.6723940748033,13.1257089026543 77.6725680889505,13.1257792329756 77.6727834560625,13.1259587202181 77.6729502286251,13.1260510608516 77.6731090970784,13.1261460597715 77.6731206467056,13.1271933407282 77.6730880596263,13.1279452453014 77.6730822831476,13.1281820732677 77.6732603092276,13.1292252532245 77.6732138001584,13.1296691364579 77.6735465624281,13.1297543414353 77.6737582864541,13.1297657778407 77.6741811296334,13.1297373575053 77.6743651498624,13.1297414521016 77.6743990690901,13.1297265852562 77.6744329859537,13.1297117184316 77.6748038330017,13.1295491615134 77.6748388129441,13.1291824739354 77.6749955089459,13.1290585057224 77.6751044078177,13.1288767539027 77.675012431125,13.1283693563864 77.674893252273,13.1273847772475 77.6748118283587,13.127153664349 77.6752562000108,13.1269491224882 77.6756990854358,13.1270946195756 77.6763334376197,13.1273336446168 77.6766046103509,13.1274945734208 77.6770060838194,13.1276768858258 77.6771066904524,13.1277193485294 77.6771613968469,13.1274341959089 77.6771617906758,13.1273418438022 77.6770872028147,13.1265889264833 77.6772728945986,13.1265778982167 77.6774904619232,13.1265074040405 77.6777730830189,13.1264416879813 77.6779158181102,13.1264247791029 77.6781351548241,13.126652105025 77.6784121591432,13.1270395047599 77.6787060606706,13.1273654526325 77.6788271409917,13.1274502954034 77.6788799855115,13.127517650735 77.6794211146427,13.1280851896614 77.6797185183305,13.1284579277848 77.6800309084472,13.1288497664627 77.6804612398259,13.129388774206 77.6808954268595,13.1299278193011 77.6811118059722,13.1301964550557 77.6813473884203,13.1304677163294 77.6813570534284,13.1304811906543 77.6813667136437,13.1304946580908 77.6817719706638,13.1310304134283 77.6818798899936,13.1312724278358 77.6819921073575,13.1315240849027 77.6820550956737,13.1316653419948 77.6820682934903,13.1316966652503 77.6820814889014,13.1317279839044 77.6821934161264,13.1319939450846 77.682547399817,13.1328337833506 77.682637732941,13.133042417543 77.6828376934692,13.1334567555103 77.6830611028705,13.1342201073816 77.683222462867,13.134776823967 77.6838952958897,13.1365406282097 77.6866825291622,13.1370140805007 77.6868936943592,13.1366558670901 77.6870161403553,13.1362250538145 77.6870543745633,13.1359532041778 77.6870561349868,13.1358480566745 77.6870602047304,13.135604285472 77.6869205221924,13.1354007069001 77.6869195810763,13.1350683247398 77.6871274758173,13.1347078654064 77.6873881186307,13.1347711428168 77.6876264164636,13.1347399821218 77.6880390555997,13.1344249081977 77.6885490945222,13.1343462117046 77.6885491315279,13.134347226554 77.6885623021277,13.1346828360219 77.6904863690702,13.1346627062887 77.6905890081438,13.134417682015 77.690641916409,13.1342156538896 77.6907517849851,13.1341999391696 77.6908281892098,13.1341890056274 77.6914517254835,13.1341073534282 77.6913242931671,13.1330741891948 77.6912890064629,13.1327880936588 77.6912575298608,13.1325328847085 77.6911752893721,13.1318661120587 77.6911555355984,13.1317059533797 77.6911342003231,13.1315329623992 77.691122946487,13.1314417160076 77.6911091098734,13.1313295536726 77.6910791584599,13.1310867080352 77.6910534831649,13.1308785506809 77.6910439298009,13.1308010811791 77.6910438288178,13.1308002589477 77.6910437278347,13.1307994367162 77.6910434767834,13.1307974019363 77.6908922727832,13.1295714427802 77.6908895088588,13.1295432070069 77.6908417256537,13.1290550459724 77.6903259812951,13.1269053421123 77.6915429592593,13.126155228562 77.6927070068464,13.1257747541141 77.6928099818434,13.1257410961815 77.6938509033025,13.1251881578867 77.6945120469916,13.1249268519715 77.6944565316514,13.1244096648795 77.6944527683673,13.1243746244272 77.695090067593,13.1242114828026 77.6956429295807,13.1239644168099 77.6956552514044,13.1239629302054 77.6967601425239,13.1238296248179 77.6971526451691,13.1226826959502 77.6972376064487,13.1224344336247 77.6972736457141,13.1223291286258 77.6973101146929,13.122222554131 77.697952590455,13.1215586590544 77.6979913183346,13.1212035954385 77.6993103101552,13.1210437266119 77.6997035457301,13.1210163157284 77.7000007159154,13.1209193180354 77.7003408282506,13.1208531611066 77.7007988712576,13.1207950580187 77.7009683741589,13.1207735594418 77.7007328756528,13.1196911987716 77.7005970743064,13.1188089868754 77.7002541015158,13.117261392737 77.7002513988928,13.117249199033 77.7007726054537,13.1162321631842 77.701333478134,13.1153380690452 77.7024399399327,13.1136915354466 77.7033953637946,13.1121964828449 77.7034130100085,13.1121688633282 77.7045619260298,13.1105004258526 77.7046733577401,13.1102912822428 77.7040334740635,13.1097227365883 77.7038368800662,13.1095480611869 77.7034638966087,13.1092106133327 77.7028795144647,13.1086819005823 77.7026566729932,13.1084937418187 77.7024280309675,13.1083006900908 77.702242179901,13.1078080646851 77.7021986323572,13.1075960614693 77.7021488225996,13.1073535422141 77.7020928434229,13.1070810054542 77.7020315591661,13.1067826255883 77.701991547973,13.1065878301608 77.7018821995586,13.1060554413248 77.7015791545402,13.1046844816742 77.7012514278734,13.1031355134168 77.7012586451787,13.1031020115172 77.70126585779,13.1030685119796 77.7009008161057,13.1030128266379 77.7006965047191,13.1030242533971 77.6997415074378,13.0994430028767 77.6989706607698,13.0966293113472 77.6985185037491,13.0949506648102 77.6980183769888,13.093302951987 77.6970393720706,13.0897178400939 77.698698990169,13.0897457198524 77.6987249257104,13.0897529389608 77.6987508636117,13.0897601580416 77.6999404750031,13.089799573336 77.7013385415049,13.0898295750658 77.7011795569408,13.0889436914982 77.7011719011637,13.0888328549549 77.7011615989261,13.088683756475 77.7011484200993,13.088493029013 77.7011298548181,13.0882243332765 77.7011154996801,13.0880165789093 77.7010963379498,13.0877392472236 77.7010681208943,13.0873308653269 77.701065658654,13.0872952146875 77.701089781181,13.0865745351283 77.7011868423704,13.0862255701366 77.7012630582317,13.0859515503559 77.7013005123476,13.0858168957548 77.7013256981746,13.0857263482646 77.7015028544396,13.0851996217023 77.7016549500127,13.0847996380642 77.7016676264518,13.0847667982725 77.7018984047695,13.0841688210354 77.7023212078402,13.0831213686362 77.702382191557,13.0829702910012 77.7031920372048,13.0804093334696 77.7038449352682,13.0801527266206 77.703864844273,13.0798563419889 77.7038744122644,13.0797139178602 77.7039118536168,13.0791565307322 77.7039945267738,13.0779258139933 77.7040051765392,13.0777672736431 77.7040240059166,13.0774869612932 77.7040385588595,13.0772703224176 77.7040689167478,13.0768183689316 77.7040799908129,13.0766535177005 77.704083332937,13.0765017511746 77.7040861988989,13.0763716586293 77.7041043595153,13.0755471470403 77.7079828147004,13.0752742569686 77.7108372087551,13.0750686194786 77.7109338370933,13.0750616591529 77.7115975336627,13.0749902418237 77.7116902600652,13.0749802626647 77.7119155055983,13.0749560265453 77.7122698746633,13.0749178925674 77.7136464893196,13.0748515318205 77.7140000337344,13.0748180987329 77.7145725838053,13.0747639566556 77.715232609873,13.0747114232963 77.7152423253592,13.0747106504676 77.7152520384864,13.0747098776634 77.7160060720566,13.0746498599307 77.7160139820367,13.0746492263222 77.7160185475411,13.0746488660938 77.7160310206919,13.0746478745934 77.7165484741995,13.0746066894152 77.7168745172297,13.0745807363023 77.718213871903,13.0746996937755 77.7191610079183,13.075040832034 77.7215123610067,13.074989844094 77.7223917571213,13.0749707713513 77.7231185387751,13.0749550075281 77.7232315980758,13.0749404598959 77.7234523857372,13.0749120566822 77.7236421770497,13.0748876387764 77.7240130575361,13.0748399211631 77.7242814439782,13.074805390883 77.7244665688297,13.0727471617639 77.7244798992889,13.0726680750015 77.7246673901834,13.0715558353239 77.7247295598823,13.0711870224554 77.7248363905952,13.0707484610621 77.7251159075282,13.0702460893777 77.7253052354611,13.0698307357767 77.725878432791,13.0697143681012 77.7261577517405,13.0699912435652 77.7271610636665,13.0700993884294 77.7271721198609,13.0701015079122 77.7290273996152,13.0704567987736 77.7292476038192,13.0704989696981 77.7303434088683,13.0706514221558 77.7303802302425,13.0706625909546 77.7305437194157,13.0707121869863 77.7306948488319,13.0707580331454 77.7308395689971,13.0706975513154 77.7310639084436,13.0706037939232 77.7313539611046,13.0704825713017 77.7317112765628,13.0703332378599 77.7325098525505,13.0699994905514 77.734042989707,13.069756482271 77.7344834196127,13.0680605585009 77.7359224287925,13.065966955348 77.7359285493186,13.0658358759441 77.7359374519684,13.0656451613835 77.7359499128128,13.0653783266069 77.7359501611355,13.0653730328878 77.7359504094581,13.0653677391687 77.7359577067183,13.065211364314 77.7359680262205,13.0649903844259 77.7359769542544,13.0647991839636 77.7359850406354,13.0646260070937 77.7360077288424,13.0641400873754 77.7360389222523,13.0634720992653 77.736058763516,13.0630471936644 77.7360711208225,13.0627824944594 77.7360834714011,13.0625180381425 77.7360954172155,13.0622622303831 77.7361081338113,13.0619898821197 77.7371344391218,13.061860247702 77.7390090964542,13.061721659966 77.7400384245457,13.0616327569914 77.740455211721,13.0615967594999 77.7408035176749,13.0615666770469 77.7413497179843,13.061519500342 77.7424014161738,13.0614286558308 77.7424015434352,13.0614286452301 77.7424098717014,13.0614279255233 77.7424183295874,13.0614271951905 77.7430843598548,13.0613696618615 77.7449010331457,13.0615817502919 77.7455607259142,13.0616782526073 77.7471679942398,13.0618627523262 77.7473684180005,13.0618929250025 77.7475767737251,13.0619242966192 77.7478914645928,13.0619716799582 77.7482633870324,13.062027676503 77.7485862026748,13.0620712933126 77.749294864887,13.0621670356947 77.7495598871043,13.0622028393313 77.749590829778,13.0622068159676 77.7495909171734,13.0622068266002 77.7507655214684,13.0623576944671 77.7507756010607,13.0623589908558 77.7512558842518,13.0621074698485 77.7519810121119,13.0620240871698 77.7531245941988,13.0618664828727 77.7541029543839,13.0615594291901 77.7553963934264,13.0611824634442 77.7555357669674,13.0611362765385 77.7564805240853,13.0608231699056 77.7572568867748,13.0605927506682 77.7573403594953,13.0605679764974 77.7586266937079,13.0600534900214 77.7588630225956,13.0597737054148 77.7590811142128,13.0595155106324 77.7593432548288,13.0592051726595 77.7594737265418,13.0590507106957 77.7600261562059,13.0584420152391 77.7601471908036,13.0582176083076 77.7603737700539,13.057797526096 77.7605817352552,13.0570008513046 77.7606962675018,13.0560860646408 77.7607862112995,13.0551725072488 77.7607862260362,13.0551723475292 77.7607862431314,13.0551721877843 77.7607983840939,13.0550467577966 77.7608914509972,13.0534525553337 77.7608897246954,13.0530769988247 77.7570891705628,13.0508909726755 77.752128047907,13.0472989956758 77.7453409925519,13.0425312457605 77.7393329372727,13.0382666488262 77.7367183146691,13.0363822450976 77.7344338007242,13.0347258601641 77.7329719081155,13.033751651722 77.7316201431863,13.0327463949304 77.729781523449,13.0314549692762 77.7282368623166,13.0305712277541 77.7266386886425,13.0296693656328 77.7251017049031,13.0287892547982 77.724945392588,13.0287032574664 77.7244784269259,13.0295223115746 77.7245159658822,13.0301914589926 77.724689363971,13.0308678797956 77.7246951267017,13.0313944178226 77.7247483278776,13.0319071242047 77.7247519755135,13.0322403749368 77.7246533722996,13.0322380800327 77.724647596799,13.0323314617612 77.7241375463864,13.0323168316517 77.7241839109578,13.0328262777841 77.7242263677871,13.0332891026742 77.7241047756849,13.0333603740472 77.7238795000646,13.0332760870155 77.7218631090825,13.0335943525309 77.7218235191461,13.0336579713731 77.7218542529046,13.0342580649661 77.7210248708659,13.0335715621404 77.7202158405244,13.0336484085575 77.7198884435598,13.0335511192545 77.7196395367853,13.0334470827142 77.7189965714931,13.0332286766225 77.7188694836044,13.0332122368491 77.718718097656,13.0331841992965 77.7171864982583,13.0329395686788 77.717172077302,13.0316184043316 77.7172014493472,13.0315410683791 77.7159386358268,13.0315602408224 77.7159056124843,13.0318568465294 77.7135262285738,13.0320062193082 77.7136098550504,13.0319164657414 77.7130717983588,13.0302334181327 77.71203788572,13.0285200114833 77.7115451483172,13.0275476887345 77.7107058626356,13.0261450010865 77.7100841173416,13.0257687120109 77.7092440484649,13.0252695732386 77.7087366785396,13.0255276393327 77.7082319553886,13.0257843580519 77.7080216135556,13.0258720947722 77.7078678112592,13.0258971264705 77.7076868291846,13.0259265822464 77.7065715396315,13.0261642765742 77.7059630866108,13.0262872590012 77.7055736677953,13.026220958358 77.7048655734283,13.0260951424521 77.7041549990911,13.0259632057073 77.7036365544907,13.0258414563064 77.7032751373924,13.0257512323458 77.7032431519197,13.0257390220459 77.7025087222367,13.0254566569632 77.7019947570754,13.0252594545776 77.7016964832636,13.025140971014 77.7012691930668,13.0249657316739 77.7012864251359,13.0250640743825 77.7014443517053,13.0259919898419 77.7015091706218,13.0263770915053 77.701578879631,13.0267669750894 77.7016489873843,13.0271542618008 77.7016882223254,13.0273709988515 77.7016845299899,13.0274034734333 77.7016984050874,13.0274375136976 77.7015690661422,13.0274369529376 77.7010906143545,13.0274348745071 77.7007865208003,13.0274335546339 77.7004921240252,13.0274289896137 77.7004241951136,13.027418964932 77.7000405639315,13.0273623465542 77.6998454027015,13.0273335417359 77.6995315917479,13.0272920244579 77.699400859385,13.0272752924786 77.6991780805514,13.0272458272969 77.6987761995575,13.0271941162642 77.6986329143243,13.0271758777627 77.6980877225909,13.0271037357267 77.697848130897,13.0270700595286 77.6975022688226,13.0270298183756 77.6971653473072,13.0269894845535 77.6969213580048,13.0269624297289 77.6965901451998,13.0269329953032 77.6963540730066,13.0269146273675 77.6960911243668,13.0268921540014 77.6959164711045,13.0268676657017 77.6956421691045,13.0268288705821 77.6954530536996,13.026811107134 77.6950670254166,13.0267778579138 77.6948835565673,13.0267655160067 77.694393655872,13.0267099292615 77.6943726539573,13.0266950163257 77.6941227199775,13.0271534695242 77.6923264921032,13.0300939586306 77.6905258407431,13.0326900749658 77.6902012144701,13.0327379702863 77.6889687613739,13.0329198109419 77.6882471360697,13.033222533023 77.6872015430517,13.0334739438604 77.6867783936206,13.0335330079275 77.6858408841833,13.0334661935762 77.6848471480428,13.0333562192958 77.6836413052359,13.033226571503 77.6836969979163,13.0344572701997 77.6836569908118,13.0347802466716 77.6836401619005,13.0349161058479 77.6837335726939,13.0350463515193 77.6837361369307,13.0352841494624 77.6838383552059,13.0354553069231 77.6839067630391,13.0355940124828 77.6839411908277,13.03568386451 77.6839519409134,13.0359051759124 77.683949592195,13.03646285914 77.6841037582978,13.0367974939993 77.6839852943489,13.0374465882434 77.6840886638467,13.0377243458022 77.6841661437101,13.0379285644497 77.6842637138617,13.0384442063812 77.6842632378546,13.0385695297708 77.6842827028602,13.0386292973419 77.6843166274665,13.038721203266 77.6843563039864,13.0389099235017 77.6844711756058,13.0395268705086 77.6845153422401,13.0397844839942 77.6845416703508,13.0398990213041 77.6845431745536,13.040038420328 77.6846578280634,13.0405866886683 77.6846842448883,13.0407094258162 77.6846685798756,13.0408079998015 77.6846790859556,13.0409093764645 77.684679749665,13.040970876527 77.6847307914854,13.0410503035141 77.6847879110004,13.0411112178782 77.684789769473,13.0412834155054 77.6847987621082,13.0415354983179 77.6848828299428,13.0417683499389 77.6849816001474,13.0427821786341 77.6850269364187,13.0434951825538 77.6850690217445,13.0439068356818 77.6850210304426,13.0441103058317 77.684947683673,13.0442894358009 77.6849087539808,13.0447511353979 77.6850328862942,13.0457893028387 77.6840517549724,13.0479175416175 77.6834863611006,13.0491439662387 77.6811441154254,13.0517620010907 77.6799176810397,13.0524423681127 77.6796525235162,13.0524312221815 77.6789856166843,13.0524031836175 77.6785340977204,13.0523747605742 77.6784172009742,13.0523674002145 77.6784758297989,13.0525509188045 77.6786185664793,13.0527850882636 77.6786644810629,13.0530751704773 77.678691695084,13.0538947562448 77.6789060468286,13.0541718308136 77.6788583618898,13.0561152857178 77.6788701199374,13.0562469291729 77.6791065370883,13.056599228802 77.6791700360243,13.056735402084 77.6789951100045,13.0577710591981 77.6790290727565,13.0580443708834 77.6790558995559,13.0581353146595 77.6791490476182,13.0581444859355 77.6792100561774,13.0585290089328 77.6791600083244,13.0586815628745 77.6790544148616,13.0589563237828 77.6789461124805,13.0594591641782 77.678907822979,13.0597433606092 77.6788430572391,13.0604484642344 77.6788253320421,13.0607223116566 77.6788731645258,13.0608434443259 77.6790411347482,13.0610798930054 77.6790983118721,13.0620675318253 77.6787345738071,13.0628517539901 77.678682174038,13.0627864141352 77.6786115331325,13.0627685279061 77.6777683830687,13.0628708712044 77.6776310587252,13.0629195941225 77.6768674514186,13.0630558929911 77.6769003367543,13.0635488241804 77.6767560442884,13.0635908625779 77.6769589204807,13.0645077319088 77.6770872716103,13.0649050741012 77.6767720817975,13.0649987181769 77.6766010177542,13.0649548800043 77.6763997573888,13.0649873717849 77.6761712894166,13.0648934495097 77.6751573642722,13.0648279313239 77.6741800759658,13.065284021911 77.6735238952582,13.0653161531136 77.6735303756472,13.0654377149956 77.6721374913912,13.0657055209428 77.6700001122786,13.0659658091533 77.6697970510316,13.0658310755657 77.6686048106447,13.0650477343441 77.6672054478445,13.0642728752711 77.6671680935706,13.0643236858615 77.6671222069538,13.0643938636028 77.6671001446908,13.064509347525 77.6668268106791,13.0662662315728 77.6652975304208,13.0664634201535 77.6635121419077,13.0670899842262 77.662657460279,13.0670920383115 77.6610992755662,13.0676959752907 77.6604654252759,13.0677227748163 77.6597109927777,13.0680751645757 77.659383925847,13.0690718475413 77.6591379453378,13.0697741265129 77.6588419216757,13.0707738685268 77.6578817884205,13.0727692435108 77.6565400439961,13.0745619097473 77.6563768492856,13.0745966348619 77.6563354765711,13.0747364777724 77.656215885722,13.0755355809315 77.6555977183122,13.0774074141257 77.6552753295056,13.0796389566459 77.6546850666568,13.0820235839553 77.653702926858,13.0818630774833 77.6534946800788,13.0818146499483 77.653209497112,13.0817364931675 77.6531218356934,13.0817576674643 77.6527126997853,13.0816909232546 77.6510300601226,13.0814649527644 77.6497722264937,13.0813207646633 77.6495614461259,13.0812400860371 77.6493395494271,13.0816285989592 77.6493150420691,13.0816288505722 77.648866508835,13.0825017070577 77.6464984641964,13.0852283512092 77.6464130835829,13.0861910033116 77.6459115584489,13.0863756217 77.6448903824966,13.0864758308839 77.6438240734483,13.0866363234287 77.6432453093923,13.0867319916764 77.6427127925619,13.0868720539117 77.6430047953077,13.0874944772875 77.645224911651,13.0919741329671 77.6473498050141,13.0969308036475 77.6486038285069,13.0989384720278 77.6489586653385,13.0993306012745 77.6493857183216,13.1005135454994 77.6497829102244,13.1018842679236 77.6498950618702,13.1024351209444 77.6501909535998,13.1032757094022 77.6504387430886,13.1045854746825 77.6491028083153,13.1048002748932 77.6438110766193,13.105659629166 77.6435497835365,13.1055772270952 77.6433403600986,13.1055559438096 77.6431184844452,13.1054879172416 77.6428557110285,13.1055081869406 77.6425629933719,13.1055229086384 77.6422222773505,13.1055205449382 77.6419116295557,13.1055354470949 77.6410885134941,13.1056962107272 77.6405878712993,13.1058302315663 77.6397839303576,13.106107965458 77.6370750661331,13.1065516726191 77.6377510514242,13.1096972456916 77.6386057489539,13.1133181883789 77.6343427335579,13.1199776870674 77.6327813249851,13.1224405770453 77.6305063978695,13.1260449291113 77.6266327143327,13.1273013182195 77.6260164915871,13.1275232413344 77.6257060493671,13.127915076496 77.6249033996096,13.1289138530781 77.6219352196414,13.1309102228561 77.6217371586249,13.130911178912 77.6211711578815,13.1309185858108 77.620127734022,13.1309257295468 77.6187963511093,13.1309411445086 77.6177902525199,13.1309532432162 77.6169033026421,13.1309641227913 77.6156612041412,13.1310006995356 77.6150865378108,13.1310341516056 77.6150763996887,13.1310354173967 77.613754898653,13.1314641375427 77.6120910869875,13.1332046880728 77.6084895379562,13.1333300825988 77.6084977998461,13.1337901593981 77.6044801374829,13.1338342231473 77.6044866690644,13.1341309292473 77.6016696380147,13.1341394434782 77.6010972214777,13.1334149800826 77.599642717683,13.1319591749439 77.5962800568124,13.1328115237748 77.5921374446019,13.1330667298782 77.5874610879709,13.1333327849787 77.5856728848719,13.1333882884991 77.5858716223315,13.1326285152382 77.5855578668812,13.132639173436 77.5851384412372,13.1327934461632 77.5849784754266,13.1329770886936 77.58482578855,13.1331196575417 77.5846135429335,13.1334642984966 77.5842199904724,13.134163346072 77.5840388944896,13.1345378953397 77.5839819619123,13.1351324534988 77.5837883224289,13.1352754427058 77.5836243745072,13.1359249300944 77.5834447045269,13.1367036678879 77.5833020179532,13.1370541249998 77.5830907801561,13.1376132475321 77.5828981496646,13.1380861229484 77.5828695060788,13.1381427127219 77.5828196691776,13.1384638400302 77.5827910689004,13.1385266883519 77.5826580910466,13.1390363366157 77.5825549544421,13.1393475730244 77.58247581052,13.1396637820508 77.5823147223169,13.1405056087977 77.5819839501157,13.1408184531164 77.5803210225002,13.1426947308393 77.5772292550483,13.1419049765173 77.5762867686182,13.1417179880214 77.5743166100149,13.1413070760124 77.5746512111053,13.1408655103107 77.5739952823949,13.1408040848298 77.5739587759803,13.1402604613388 77.5738683684148,13.1382440754002 77.573817548584,13.1378063732241 77.5735740598458,13.1367445025797 77.5734049183419,13.136118272449 77.5727236030245,13.1362780885947 77.5725343248276,13.1362162352683 77.5723327688113,13.1362246260169 77.5722887008193,13.1360529454658 77.572238459367,13.1359132000201 77.5717989122078,13.1360187107932 77.571543854689,13.1352153539775 77.5712886915974,13.1344019197561 77.5710682459704,13.1339608747806 77.5712987609499,13.1333944314639 77.5709177555568,13.1313532427712 77.570427162093,13.1306328293195 77.5696997974362,13.1269127562501 77.5694043064159,13.1250243808752 77.5679675981806,13.1253712804471 77.5668628740099,13.1256506526171 77.5654948325717,13.1260218210947 77.5641023993293,13.1228101655697 77.563519179459,13.1214552469786 77.563236821974,13.1209002113741 77.5630657249709,13.120302359552 77.5629819446686,13.1199173924586 77.5629802153544,13.11975057834 77.5629830475205,13.1195107266365 77.5628999956104,13.1186826034681 77.562472492125,13.1164398283471 77.5623768900198,13.115940280215 77.5621564744808,13.1152021522904 77.5616597939493,13.1139819150449 77.561006847993,13.1141083235159 77.5607510438027,13.1135478054646 77.5603838773388,13.1130196753242 77.5597206203512,13.1131774619438 77.5595418482477,13.1123502856961 77.5595606964102,13.1121154897685 77.5595910972691,13.1119692064665 77.5596701747401,13.1119006454838 77.5598399892773,13.111862462612 77.560077599723,13.1116932668792 77.5602106467822,13.111186230557 77.5603352723509,13.1108930339396 77.5602826910341,13.1099238381478 77.5601359090529,13.1096176982398 77.560000734003,13.1094052876732 77.5599993317128,13.109269749024 77.5602951709821,13.109073906629 77.5606979196597,13.1089291373035 77.5609314472186,13.1088798930349 77.5610113101842,13.1083733873701 77.5607560005363,13.1076787579713 77.5604725149808,13.1070883914541 77.5599960983128,13.106129201414 77.5597266303844,13.1056746298048 77.559098555712,13.1046798698051 77.5588626654229,13.103359105673 77.5590787073584,13.103419522156 77.559266096876,13.1034098415857 77.5592936561786,13.1033743757665 77.5588784456959,13.1029562017533 77.5587121584346,13.102691963161 77.5584462330239,13.1024365330644 77.558328944489,13.1022812904196 77.55827998793,13.1021762019508 77.5580977047513,13.101908210511 77.5576877414989,13.101611197677 77.5572565837287,13.1011931782841 77.5570739803536,13.10089390786 77.5575107226336,13.1006940653434 77.5573202659577,13.1004066034191 77.556382070783,13.1007209050103 77.5561901199972,13.1002887798568 77.5556815396578,13.1004854215556 77.5556288371203,13.1004038312123 77.5553034444704,13.1005318218197 77.5552088011272,13.1005234898882 77.5551514978055,13.100468448723 77.5551219868091,13.1003575163557 77.5542785019331,13.1004892080337 77.5494771489266,13.1011104543991 77.546259618108,13.1012652025894 77.5446546496252,13.1012810556872 77.544405973655,13.1013419459419 77.5441860675475,13.1012932848404 77.5438591879461,13.1013160626493 77.5438933865015,13.1011884321079 77.5439969125351,13.1008106132634 77.544348607484,13.1008237089003 77.5441744630048,13.1003250967666 77.5439524583169,13.0997739444867 77.5433951398834,13.098500455306 77.5433414802101,13.0982127141286 77.5430006910253,13.0973287464498 77.5423757503588,13.0957719451569 77.5424221282592,13.0956065528628 77.5421127173515,13.0943450935538 77.5406957226853,13.092120637482 77.5407303330594,13.0908735655621 77.5407567327619,13.0900158095432 77.5394768118553,13.0876809207694 77.5369202614388,13.0838627919167 77.5348350520393,13.0838832856743 77.5308923222,13.0828823288761 77.5300915756907,13.0820945871475 77.5297597168413,13.0820863918633 77.5294757355535,13.0820703138828 77.5292461447225,13.0820969118559 77.5292071940764,13.0820962898601 77.5288771284238,13.0821301938334 77.5283003504227,13.0823046399916 77.5279794196524,13.0825778523606 77.5273965813,13.0828333740186 77.5265696148354,13.0828755504786 77.5258295462899,13.0829132472064 77.525758182329,13.082916934428 77.525764883334,13.0835747700196 77.5257650592399,13.0835920381673 77.5256268183352,13.0836132433256 77.5253799405931,13.0836498235979 77.5252217719313,13.0837544171377 77.5250660479698,13.0837240440189 77.5247377143125,13.0836679041742 77.5243390393173,13.083598231392 77.5237752634735,13.0834997032092 77.523649392669,13.0834777060093 77.523684529743,13.0828697050832 77.5236507365178,13.0826020364339 77.5236405299898,13.0825629029146 77.5234916616345,13.0815144925915 77.5233671578039,13.0814982964629 77.5233468306362,13.0814956546987 77.5233447397254,13.0814780230731 77.5232719845657,13.0809089830823 77.5231766323258,13.0809134849657 77.5228412442176,13.0809393976066 77.522801085665,13.0808207565541 77.5227664857763,13.0807274090227 77.5226722250844,13.0806017365072 77.5225440611167,13.0805481365957 77.5224403468117,13.0805034308716 77.5222779224362,13.08043342066 77.5221677036199,13.0802623280779 77.5216055810193,13.0803000676035 77.5212849779049,13.0803215918321 77.5210148668626,13.0794905856243 77.5208980276741,13.0791457797568 77.5203035723497,13.0792502282585 77.519637849197,13.0793755503397 77.5196333834388,13.0793679821474 77.519575322625,13.079269460173 77.5195733433932,13.0792613400762 77.5194920412022,13.0792605056453 77.5191435395454,13.0795322912842 77.519100557688,13.0795387387877 77.5189991200488,13.0795539549458 77.5188252081239,13.078716365699 77.5187747786046,13.0784547944256 77.5187693741127,13.078438640596 77.5187329681256,13.0782703438238 77.5186210248649,13.0779953380867 77.5185934610585,13.0779129786418 77.5180397377923,13.0766414925866 77.5182151341965,13.0755931033008 77.5181392044379,13.0752211432239 77.5179129521862,13.0743285592316 77.517149393085,13.0745094051234 77.5159142264606,13.0748904444124 77.5156967420404,13.074958465149 77.5144364151473,13.0753154441765 77.5142673248372,13.0750414157184 77.5139408949799,13.0751750008422 77.5133287389671,13.0754342568291 77.5127923894767,13.075520498069 77.5125247642413,13.0756176293566 77.5120649771111,13.0757244616029 77.5119749468489,13.0757453813221 77.5116452353239,13.0758219888637 77.5116166921034,13.0757527870179 77.5115675669183,13.075633694572 77.5115268060588,13.0756068728119 77.511479771179,13.0755753633771 77.5114774245772,13.0755738042081 77.5111510855481,13.075769178916 77.5110751315628,13.0758222681224 77.5107931867093,13.0760193275394 77.5105120549665,13.0761435933942 77.5104376052283,13.0762108398471 77.510300478002,13.0763347017059 77.5102925164663,13.0763444075313 77.5100945462238,13.0765846096551 77.5100010769203,13.0766954577965 77.5099737366598,13.0767159778867 77.5099055503239,13.076784158978 77.5097614721281,13.0768395762431 77.5096787627341,13.0768336267939 77.5096098933223,13.0768342963071 77.5095932618026,13.0768373464215 77.5095755296912,13.0768413838987 77.5095677178817,13.0768628886402 77.5095527118622,13.0769080948102 77.5095359820019,13.0770173141248 77.5095036787898,13.077090239244 77.5094474976108,13.0771612507083 77.5094002262522,13.0772144356716 77.5093423765181,13.077317304785 77.5093513513425,13.0773830733048 77.5093286466095,13.0774364639709 77.5092903700359,13.0774824113279 77.5091931005623,13.0775332579879 77.5090977238359,13.077642212696 77.5090550123171,13.0776982832964 77.5089588643729,13.0778398919229 77.5089164430419,13.0779925474428 77.5089056791963,13.0780294599584 77.5087897773762,13.0778551255051 77.5087464991946,13.0777952115154 77.5086818446881,13.0776975083714 77.5086474635236,13.0776494727188 77.5085786540356,13.0775956704098 77.508508339696,13.0775943823061 77.5084212337094,13.077601006529 77.5081384254266,13.0776694413635 77.5079174911013,13.077727424108 77.5076909727368,13.0777351161011 77.5075766291535,13.0777345337417 77.5072678712405,13.0778514694227 77.5070819632991,13.0778570724185 77.5066652591136,13.0777057217097 77.5060226322265,13.0774531335418 77.5058301905313,13.0773816079728 77.5058282364189,13.077380126253 77.5058140955933,13.0773756557453 77.5057633507923,13.0773381703288 77.5057040164542,13.0772172139788 77.5056745265056,13.0771387380073 77.5056402307635,13.0770393306544 77.5055574987837,13.0769034101434 77.505436488648,13.0768134346879 77.5052227560712,13.0767168437883 77.5049300509297,13.0765373056122 77.5048048227947,13.0764131882394 77.5046636829885,13.0761801979177 77.5041941399907,13.0754050733116 77.5036864274165,13.0751508891477 77.5036543522024,13.0751380725283 77.5034980058065,13.0750575700786 77.5031194426595,13.0748685963506 77.50306109195,13.074850975758 77.5028785761949,13.0748025681551 77.5028278341725,13.0747650819611 77.5026884966177,13.0743942365971 77.5025098049198,13.0741314229966 77.5024014557241,13.0739754506159 77.5021717514293,13.0738637396847 77.5021598250895,13.0738565740509 77.5020584314264,13.0737206709932 77.5019386776158,13.0735733964924 77.5019286764566,13.0735610984507 77.5016851559168,13.0732493946971 77.5016691280478,13.0732006938757 77.5015724204461,13.0729321212465 77.501565457283,13.0729049449293 77.50147330521,13.0727982611322 77.5013622499593,13.0726482700964 77.5008991679391,13.0722181973242 77.4997855628712,13.0718555006462 77.4996947517722,13.0718699473612 77.4994804102867,13.0719180150088 77.4992473235639,13.0719702853366 77.4978248771756,13.0719891017212 77.4967372851742,13.0719895116115 77.4958813696202,13.0719624153864 77.4948457208263,13.0720027410926 77.4930839703759,13.0721107087116 77.4929988208937,13.0708179551608 77.4929269765915,13.0698231995322 77.4928688727268,13.0687789324862 77.492836677561,13.0682827653723 77.4927958607133,13.0673738995818 77.4927800062002,13.06629763836 77.4927811796183,13.0650387955588 77.4927875404085,13.0647177346012 77.4927781103041,13.0644338421244 77.4930238514342,13.0625961665174 77.493079594666,13.0621636638757 77.4928431543291,13.0622138335385 77.4923832684549,13.0609128900596 77.4923179467639,13.0607787855005 77.4909778063627,13.0569115990413 77.4911000923786,13.0567966652594 77.4916489996073,13.0558958602184 77.4922702694842,13.054875478923 77.4924180485112,13.0545451742791 77.4924176359094,13.0545040331133 77.4924333213197,13.0538528155843 77.4924233437815,13.0535963599427 77.492425348749,13.0535692140947 77.4925236870532,13.0522373048271 77.4925534190589,13.0516534962494 77.4925548319103,13.0516532305574 77.4922584589757,13.0505716137199 77.487073875481,13.0525142123001 77.4813027628794,13.0545179912951 77.4775269297713,13.0557719138979 77.4725330520063,13.057154312074 77.4668939703586,13.058657446869 77.4646447341725,13.0592914783731 77.462642856991,13.0602817170795 77.4572792233773,13.063455424862 77.4501874524476,13.0675867230002 77.4456094522922,13.0700953785112 77.4385305896782,13.074032061277 77.4340576878254,13.0764050866427 77.4318119700011,13.0774273095605 77.4289555976122,13.0783506741027 77.4272081191434,13.078862912786 77.4272089900776,13.0788745137681</coordinates></LinearRing></outerBoundaryIs></Polygon></MultiGeometry>
  </Placemark>
  <Placemark>
	<Style><LineStyle><color>ff0000ff</color></LineStyle><PolyStyle><fill>0</fill></PolyStyle></Style>
	<ExtendedData><SchemaData schemaUrl="#fixed_geometriesbda">
		<SimpleData name="Names">WEST ZONE</SimpleData>
	</SchemaData></ExtendedData>
      <MultiGeometry><Polygon><outerBoundaryIs><LinearRing><coordinates>77.4289555976122,13.0783506741027 77.4318119700011,13.0774273095605 77.4340576878254,13.0764050866427 77.4385305896782,13.074032061277 77.4456094522922,13.0700953785112 77.4501874524476,13.0675867230002 77.4572792233773,13.063455424862 77.462642856991,13.0602817170795 77.4646447341725,13.0592914783731 77.4668939703586,13.058657446869 77.4725330520063,13.057154312074 77.4775269297713,13.0557719138979 77.4813027628794,13.0545179912951 77.487073875481,13.0525142123001 77.4922584589757,13.0505716137199 77.4922577123308,13.0505688888129 77.4922565154375,13.0504494989771 77.4921900591844,13.0497304983667 77.4921651693848,13.0492176316168 77.4921032024941,13.0486179907788 77.4920818950023,13.0481341331795 77.4920677275956,13.048034230162 77.491881600781,13.0475261410128 77.4916238025107,13.04676380616 77.4913492295211,13.045969359407 77.491105117102,13.0452585209989 77.4910277737439,13.045094685722 77.4909880847647,13.0450757059062 77.4906943316554,13.04518377575 77.4894088473066,13.0456986096709 77.4890770616591,13.0458739134783 77.4885082606268,13.0460471924984 77.4878342253064,13.0462300908728 77.4873273865089,13.0463578326349 77.4864548766212,13.0465402442291 77.486271340355,13.0466194596311 77.4861591861769,13.0466977784506 77.4850698038543,13.0471331959591 77.4831450701563,13.0478734715964 77.4819481532276,13.0482542343252 77.4814835024155,13.048293324144 77.481404641324,13.0483069889579 77.4811460283063,13.0483395887073 77.4808742115925,13.0483635517722 77.480202573809,13.0484693106306 77.4800974702069,13.0481426848184 77.4799321840475,13.0474983824508 77.479778360075,13.047189511914 77.4797717015727,13.0471880036435 77.4796084826862,13.0464235683772 77.4796284972569,13.0463309987961 77.4796692956906,13.0462228307125 77.4797254887722,13.0460837246029 77.4797713182203,13.0459549825177 77.4798071887892,13.0458776566536 77.4798078184476,13.045415757357 77.4796415114908,13.0455404011228 77.47948839773,13.0448799440385 77.4794955410951,13.0445462850637 77.4795458370235,13.0443405181548 77.4797275473221,13.0441899436913 77.4798444226376,13.0437913871348 77.4800766175429,13.0433218123339 77.4803188448154,13.0432996823378 77.4807426241173,13.0432494005575 77.480897041943,13.0432016997217 77.4811042153814,13.0430412454962 77.4812713142635,13.0429141902678 77.4814376198861,13.0427079081472 77.4814745503634,13.0416841175011 77.4816179561231,13.0412073377712 77.4820004059094,13.0410650126794 77.4826015134441,13.0405640356159 77.4823055014349,13.0399197995095 77.4813851518205,13.0394730278107 77.4807637829681,13.0378293775602 77.4800961321941,13.0375100356 77.480093237206,13.037219540081 77.4800811016584,13.0369027200636 77.4799415448349,13.0355130602294 77.478736494586,13.035032732745 77.4769419284365,13.0315794697429 77.4795794153777,13.0291975396231 77.4787367380357,13.0263257887029 77.4784720246518,13.0221807583047 77.478950068933,13.0220979291224 77.4784116199296,13.0193171677105 77.4775630064452,13.0174471371805 77.4772377230181,13.0162366344898 77.4771957873036,13.0161087499341 77.477174585175,13.0160184482889 77.4771537834235,13.0159298612825 77.4771509050454,13.0158457750651 77.4771453304038,13.0157613956687 77.4771330273209,13.0157063993298 77.4771017226988,13.0154749616983 77.4770397883259,13.0152503408775 77.4769934482712,13.0150131830768 77.4769451541434,13.0148447646115 77.4753124651923,13.013176626968 77.4748501873896,13.0113784577341 77.4740314572423,13.0096233024023 77.4736396168222,13.0088148861457 77.4732089609112,13.0088454045953 77.4731372721096,13.0084607522733 77.4729104614407,13.0072635600875 77.4732262100262,13.0071780445495 77.4741606394057,13.0069299728054 77.4745880511596,13.0067426668748 77.4747890591817,13.0066417052556 77.4753420771372,13.0063888224896 77.4748424656495,13.0048980384887 77.4750508719341,13.0045246411267 77.475125763521,13.0034195968214 77.4754080046626,13.0033624313719 77.4750753877912,13.0019047204994 77.474903838366,13.0014111398325 77.47476635968,13.0007884804975 77.4744507305934,13.0005339760972 77.474287068188,12.9993074020495 77.4739910483423,12.9989932868689 77.4738374915434,12.9977666164657 77.4736071203893,12.9974518721532 77.4734631285273,12.9966807072182 77.4730581797691,12.9967738874614 77.4724771644397,12.9968955446669 77.4721298132926,12.9959210235803 77.4719388684761,12.9958068262062 77.471402255895,12.9951076276288 77.4713266942804,12.9947297820033 77.4713938990809,12.9942453764353 77.4712231306492,12.9935584456991 77.4706508571418,12.9914628523466 77.4704492964639,12.990815734605 77.4701770651521,12.9898863781755 77.4697247255372,12.9891917193998 77.4693777032223,12.9884211697898 77.4684947908921,12.9866571966423 77.4690742376953,12.9864769506235 77.4699631927159,12.9862771205578 77.4711819284428,12.9855332904877 77.4716113326781,12.9851963672986 77.4721894951419,12.984887153985 77.4725223996289,12.9846593214518 77.4726851320595,12.9844955214898 77.4728880434454,12.9843105222384 77.4732526598139,12.9838577221418 77.4734191324044,12.9835316212525 77.4735206753293,12.9832305285669 77.4738282451881,12.9822126998717 77.4739910833328,12.9810656183816 77.474252598376,12.979535751828 77.4747984036956,12.9756719206846 77.474897280624,12.9742742346199 77.4750362451614,12.9727857302706 77.4751108216218,12.9714628530421 77.4750059049223,12.9699897367423 77.4748444610554,12.9696529497011 77.4747674434995,12.9693789529224 77.4747250993941,12.9692779845891 77.4746573190813,12.9692178050388 77.4745090062713,12.9691199769342 77.4733918647283,12.9668970377003 77.4736465334125,12.9668248891295 77.473718629831,12.9667988602184 77.4735491731221,12.9665195307347 77.4731098566477,12.9657463849887 77.4722617542237,12.9635064164936 77.4727192478135,12.9634786457594 77.4728783388062,12.9634654237594 77.4752533539318,12.9603350848785 77.4746687098496,12.9594152612302 77.4744659237958,12.9589452443106 77.474175586194,12.9583222056134 77.4737547081515,12.9575709081243 77.4736106375696,12.9573709699823 77.4728051808023,12.9560645779696 77.4723966738788,12.9557815881344 77.4720672344671,12.9549056033274 77.4719947730155,12.9549062911736 77.4719994450276,12.9546817356329 77.4719478817079,12.954344315785 77.4717096131775,12.9537706762688 77.4716426485863,12.953470662383 77.4714479111233,12.9521812146345 77.4725818453062,12.9516863525926 77.4725360782171,12.9513553162393 77.4724550226572,12.9512712891365 77.4721044600722,12.9507730645494 77.4711331966625,12.9506891106566 77.4711014534614,12.9496419973271 77.4711026825747,12.9494638597545 77.4724728118935,12.9494638751625 77.4728190939439,12.9490597812792 77.4730057510996,12.9491517046852 77.4737689299242,12.9490455580249 77.4740819199898,12.9490321747458 77.4749548824527,12.948995648502 77.4752984899446,12.9490072820715 77.4755338838074,12.9490591603463 77.4759116775544,12.948910686886 77.4760862816445,12.9488569762456 77.4761761868327,12.9488248892133 77.4762396083113,12.9487982608033 77.4761653387118,12.9485327491031 77.4756010563518,12.9469848631529 77.4754674681262,12.9465023129533 77.4754284659709,12.9463614276314 77.4753284290611,12.9460498976722 77.4751451872821,12.9454484170091 77.4750388858235,12.945063585682 77.4749191273046,12.9444473255734 77.4748019133232,12.944064876278 77.4747378235132,12.9436204330365 77.4746119528246,12.9431838965671 77.4743935295153,12.9425613381032 77.4741764913245,12.9420793083252 77.4738461737154,12.9414109630232 77.4732278542906,12.9402444646059 77.4732027951434,12.9402094427543 77.4741878298538,12.9400000708324 77.4745223464428,12.9398248228425 77.4749295295521,12.9396058657536 77.4753643918917,12.9392289138932 77.475843532187,12.938894557224 77.4762775524407,12.9386005319939 77.4763685175022,12.9385225741255 77.4763964555987,12.9384890360689 77.4762556465964,12.9381972554734 77.4768974048712,12.9379850860055 77.4773399086435,12.9378277902426 77.4787847961539,12.9374340742806 77.479553086457,12.9373122531466 77.4809639204339,12.937194087523 77.4814460673477,12.9371537034588 77.482840811952,12.937057142978 77.4842023569836,12.9369662375425 77.4841415778523,12.936706844382 77.4841080865481,12.9364897626422 77.4840441349981,12.9362347093614 77.4841264328149,12.9361598821299 77.4841009279451,12.935871352702 77.4841243521966,12.9358049965083 77.4840957772927,12.9355966617267 77.4840737289542,12.9354358931051 77.4840421525267,12.9352721550569 77.483932741691,12.934895573929 77.4838054485104,12.9342377938534 77.4837098177933,12.9340817501115 77.4836453846022,12.9339754598873 77.4836225077781,12.9339062567938 77.4836260265408,12.9338205500583 77.4836305049959,12.9337114713045 77.4836334521688,12.9336396740784 77.4836052186727,12.9335856042252 77.483540307997,12.9334612962369 77.483447914146,12.9334041383356 77.4833999218357,12.9332780501133 77.4833715550697,12.933187885478 77.4833174414294,12.9331006502934 77.4833281087976,12.9330657248566 77.4832688225008,12.9329268628149 77.4832096192729,12.9328278509455 77.483129730154,12.9327471549191 77.4830729909638,12.9326898407964 77.4830724897316,12.9326391841107 77.4830716786127,12.9325572084895 77.4830869920291,12.9324854046478 77.4831610018346,12.9324298499692 77.4832353123829,12.9323106719561 77.4832326213699,12.9322844723765 77.4832269586182,12.9322293021223 77.4832459092549,12.9322056007082 77.483316436285,12.9321173830458 77.4834722349016,12.931841936534 77.4834694508967,12.9315605964924 77.4833162919701,12.9313399228586 77.4830308707132,12.9313434476006 77.48298114935,12.9313134473843 77.4828948308239,12.9312613659256 77.483021382118,12.9311654177724 77.4832039743904,12.9308756533268 77.483229179674,12.9306897110343 77.4832012749637,12.9306028098926 77.4831522624225,12.9305098113134 77.4831224323452,12.9304443885868 77.4829705266481,12.9303207691491 77.4826749298484,12.9297323685879 77.4826245466722,12.9295827961988 77.4825542454065,12.9293740826793 77.4825196874947,12.9292714884286 77.4824301799819,12.929132689423 77.4823505874574,12.9290092622801 77.4823156481406,12.928955082463 77.4822767089999,12.9288112548818 77.4821664166673,12.9288055459521 77.4821229641801,12.9288086237868 77.481999589465,12.9287437754371 77.4819523343471,12.9286681947605 77.4815324710218,12.9280132688259 77.4813504788452,12.9278984235416 77.4813700435749,12.9277867255524 77.4807775254102,12.9269154897963 77.4800833568217,12.9272616877402 77.4800107685971,12.9272370342151 77.4797901963228,12.9274013258411 77.4796713578252,12.927402455208 77.4795935062153,12.9273677142067 77.4794645359206,12.9273892154196 77.4792146010475,12.9273346049937 77.4791770014281,12.9272989745337 77.479136646015,12.9272490875636 77.4791187785363,12.9272269975464 77.4790949247262,12.9271590073663 77.4790904765547,12.9271103929031 77.4790862627933,12.9270643421807 77.4791089565936,12.9270148581732 77.4791616838129,12.9269756165207 77.4791952793013,12.9269506134394 77.4792585402338,12.9269035331284 77.4792732430405,12.9268819034503 77.4793253138641,12.9268052997451 77.479365112358,12.9267467500218 77.4794018981939,12.9266880437009 77.4794334842215,12.9266348250104 77.4794595796955,12.9265908571215 77.4794754171338,12.926564176879 77.4795521583749,12.9265103899794 77.4796478988596,12.9264788584774 77.4797062030511,12.9264596569037 77.479732645321,12.9263987683882 77.4797047434575,12.9263118692415 77.4796550926717,12.9262550178719 77.4796226781493,12.9262179016061 77.4796194983193,12.9261571653709 77.4796179172318,12.9261269914239 77.4796519745516,12.9260546598893 77.4796382627582,12.9260178863257 77.4796214287132,12.9259727470157 77.4795853549548,12.9259015191628 77.4796181069294,12.9259735574046 77.4788192022599,12.9261684929046 77.4781525305212,12.9263674198282 77.4772149874182,12.9265428893393 77.4755208056215,12.9268011253845 77.472913669473,12.9264477405882 77.4723357346239,12.9233110036599 77.472233349356,12.9229118602056 77.4718039287703,12.9214396472214 77.4711512287113,12.9194314611163 77.4709992833044,12.9189982929501 77.4705319583012,12.9170560390734 77.4700081366858,12.9149511132642 77.4690053408228,12.9140228694685 77.4679415840889,12.9120094094389 77.4669893583391,12.9111053535437 77.4665231546666,12.9097401794459 77.4665704176402,12.9068648584478 77.4645683589076,12.9065483243061 77.4633331391817,12.906377175839 77.4615858300832,12.9064800107974 77.460090292015,12.9066051394712 77.4599117115211,12.9050644995303 77.4601025252856,12.9038424451118 77.4602220348242,12.9004531287543 77.4609495846857,12.9001338531283 77.460823609079,12.8986463133664 77.4613346519707,12.8987627695678 77.4615255783284,12.898806277569 77.4622295430208,12.897664523093 77.4622373177004,12.8976531384156 77.4618000754453,12.8973471152725 77.4610927559762,12.8966590135196 77.4603680210347,12.8957469568672 77.4589723786928,12.8939746224617 77.4581778912405,12.8929362132766 77.4574864792986,12.8923151832452 77.4553721869658,12.8910276879773 77.4539223903852,12.8899431164716 77.4533154078002,12.8893885154207 77.4527082096034,12.8888115027638 77.4519134738641,12.8877431869608 77.4499325796114,12.8852889731426 77.4488372881407,12.8838499267364 77.4481259053117,12.8827359902116 77.447157753427,12.881056684405 77.44612174277,12.8794452421357 77.445031217304,12.8777073017321 77.4443514862743,12.8767125832175 77.4439962503362,12.8762004251049 77.4432887512367,12.8754823748926 77.4424215102948,12.8747807529209 77.4413160756248,12.8738572279754 77.4402966416294,12.87316448595 77.4399659953517,12.8728313865705 77.4396662387216,12.8725428228729 77.4394804727077,12.8722307853138 77.439154841532,12.8716286941769 77.4384086808942,12.8700593306399 77.4375205042412,12.8679758083247 77.436930320235,12.8667859901135 77.4347580451212,12.8641914413249 77.4323393048018,12.8613003253288 77.429907408327,12.8586184787824 77.4281254236509,12.8570671194012 77.4280628302011,12.8571177954984 77.427971021735,12.8571921203002 77.4278685930726,12.8572750485743 77.4271969626917,12.8579725537456 77.4268593514979,12.8581718919468 77.4265326448648,12.858364798006 77.4263538268376,12.8584703814645 77.4261483880259,12.8584547814338 77.4261499015876,12.8586122765085 77.4260365723175,12.8588933393301 77.4255386358304,12.8590904561556 77.4252103530278,12.8592947535426 77.4254812075416,12.8596160170396 77.4253060747859,12.8599676567586 77.4251929564696,12.8601012609836 77.4249417378084,12.8603979886057 77.4248413769717,12.8605165276296 77.4247828140755,12.8605856983043 77.4246205544022,12.8607773502118 77.4243234824816,12.8611282274107 77.4242157940706,12.8612602776687 77.4231530050054,12.8624806701522 77.4228552458567,12.8628224992749 77.422247759284,12.86359417854 77.4217835708867,12.8647757069813 77.4216906429687,12.8649763212014 77.4216102819681,12.865149807107 77.4212008748754,12.8660956116107 77.4209885893504,12.86657843295 77.4204336150223,12.8673448556198 77.4199451719475,12.8679995911676 77.4196316705023,12.8684198223826 77.4188610827439,12.8694965291993 77.4192747889215,12.8695394157501 77.419484575437,12.8695611647694 77.4197603103508,12.8695897481254 77.4197845166405,12.8697286914495 77.4197848535257,12.8697306313312 77.4208447206561,12.8698658325939 77.4219656953614,12.8700308260639 77.4222124461608,12.8700412162056 77.422996411663,12.8700742269881 77.4243392875617,12.8701307607305 77.4258444713923,12.8701231328132 77.4263682357543,12.870139669849 77.4269607013516,12.8703011498304 77.42710957802,12.8703138828689 77.427358161166,12.8703351410514 77.4275244396231,12.8703084852001 77.4278041925221,12.8702768594883 77.4281764947715,12.8702572573341 77.4284573902351,12.8702424641569 77.4293697501814,12.8702456227691 77.4298320256542,12.8702472206834 77.430046480845,12.8702714828681 77.4299464228847,12.8718350612913 77.4299756783287,12.871984806449 77.4302931786375,12.8736098994526 77.4305889911447,12.8748785495874 77.4284262642032,12.8750617462393 77.4282786936958,12.8750218908053 77.4277293065125,12.8751059957941 77.4275051422111,12.87511838049 77.4263151746359,12.8748389765499 77.4262171871163,12.8748159693184 77.4251184723795,12.8748183375814 77.4246430830355,12.8742332204818 77.424561503201,12.874132808485 77.4242164656949,12.8739455499355 77.423044655341,12.8732884643382 77.4228975891942,12.8732059962293 77.4213889839832,12.8725494630433 77.4212977686656,12.872509767008 77.419607940073,12.8723278653044 77.4189952313074,12.8723647455611 77.4176499286693,12.872432719859 77.4174832196395,12.8724411420336 77.4156767201906,12.8725941419181 77.4156677451805,12.8732539996447 77.4156919756419,12.873373716989 77.4157513204108,12.8736668931369 77.4158695465196,12.8743770578346 77.4158974347329,12.8745445876898 77.4159181931815,12.8746692731258 77.4159375783753,12.8747857204232 77.4159569811405,12.8749022762685 77.4160484304277,12.8751803869884 77.4162768192292,12.8758749508959 77.4154977762987,12.876205564973 77.4141314790501,12.876755963868 77.4139289089305,12.8768264305156 77.4133600877042,12.8770243074344 77.4128460883511,12.8772253883828 77.4125857623126,12.8773272313754 77.4118658618568,12.8775848335051 77.4103300857406,12.8776258653174 77.4088817299875,12.8776298470018 77.4073955870419,12.8771236380666 77.4063030439561,12.8769323391759 77.405985072257,12.8768766626045 77.4057816993895,12.8766454830123 77.4044249356131,12.8756294855968 77.4032541172805,12.8746273682666 77.4028006483755,12.873098788516 77.4028137808792,12.8725366742707 77.4028400188063,12.8714518637477 77.4030437303677,12.8707598135578 77.4033809968079,12.8696900770979 77.4032502639085,12.8694044479375 77.4020144381016,12.8702135214906 77.400985672989,12.8709709102191 77.400214703499,12.8715565123461 77.399850913494,12.8718328320171 77.3994262206585,12.8721476303553 77.3990428197031,12.8724318175958 77.3988442750993,12.8725817677801 77.3980015942192,12.8732181931985 77.3974145045524,12.8736615838551 77.3967604773753,12.8741614016176 77.3961799095309,12.8746050774976 77.3951993592116,12.8753400865898 77.3951263212592,12.8760705195914 77.3950982961923,12.8763507771907 77.3950710539561,12.8766302989994 77.3949566568481,12.8778041474852 77.3947831346845,12.8797484021623 77.3947441200681,12.8801427834232 77.3946162796429,12.8814350527579 77.3944408846347,12.8832432737529 77.394273518139,12.8848761490784 77.3941712308276,12.8856707660875 77.3938435678759,12.8867941919752 77.3932840589606,12.8886603731259 77.3927962360562,12.8902513630686 77.3932224904611,12.8916604227148 77.3937506667065,12.8922327610931 77.3940263424939,12.8925314834019 77.3954555096967,12.8940453516202 77.3950374513315,12.8957876453501 77.3949133734678,12.8963303965682 77.3946904929641,12.8973053409551 77.3945186008892,12.8980572545554 77.3939995235971,12.9003140420912 77.3938575326399,12.9016002976864 77.3936495267056,12.9033737993979 77.3933575267365,12.9058822114228 77.3931555507056,12.9075238796403 77.3930798820087,12.908220276502 77.3930524145052,12.9084730793626 77.3929567697644,12.9095149620793 77.3933630696361,12.9109542374902 77.393610434984,12.9126466121376 77.393610460104,12.9126467738258 77.3956550356246,12.9123739489134 77.3965074902302,12.9122556391696 77.3968703323428,12.9122052822363 77.3981457872377,12.9121523497037 77.3992670158509,12.9121008252398 77.399588760741,12.9120222844252 77.4004286006286,12.9118702698065 77.4005406931455,12.9123304785847 77.4013242160287,12.9122235983932 77.4016749597899,12.912175756408 77.401746438414,12.9123193955626 77.4022138186341,12.912074599556 77.4027885841461,12.9120624412667 77.4039389093932,12.9118381942508 77.4043617806993,12.911674483227 77.4050473195898,12.9114681865121 77.4053696645123,12.9113711841583 77.4055096689701,12.911324891317 77.405707697046,12.9112594112391 77.4059047170583,12.9111706589387 77.4060843015706,12.9110897604695 77.4063865244493,12.9110277221164 77.4065844691346,12.9109870895479 77.4065920406074,12.9103136274924 77.4068531599072,12.9103114094513 77.4076842251028,12.9103043395609 77.4078567159619,12.9110462863757 77.4079241430568,12.9113363034843 77.4081487763245,12.9124597843378 77.408908185232,12.9129086036669 77.4090161092174,12.9137539636208 77.4091382672817,12.9145852787928 77.4090903309639,12.9157114056113 77.408967651598,12.9164771405998 77.4089705285989,12.9171584875393 77.4091125423126,12.9183072488491 77.4091759599892,12.9188644783886 77.4092449196193,12.9194703913216 77.4092905781069,12.91987157429 77.4093495194899,12.9207619699732 77.409720176288,12.9218662414546 77.4098754990117,12.9223729944532 77.4098903130663,12.9228992231141 77.4099058464976,12.9234509978556 77.4099461004989,12.9238273343803 77.4100324251116,12.9246343945884 77.4101332801156,12.9253970825326 77.4106338580303,12.9252326661462 77.4108162969125,12.9251761837695 77.4111020163468,12.9250877239483 77.4121094276086,12.9248014525121 77.4127284739951,12.9246149185401 77.4134332571723,12.9244025443297 77.4143408494701,12.9241343813117 77.4149616196522,12.9239323405147 77.4158590664916,12.9236495646536 77.4159819525296,12.9236366327978 77.4167046936433,12.9235605933606 77.4171114190025,12.923549830107 77.4173909299194,12.9235320098893 77.4178817783319,12.9235007241651 77.4183656086301,12.9234924436989 77.4192132322519,12.9234075956599 77.4194447625661,12.9233844167878 77.4205540236049,12.9232798859283 77.4206517814836,12.9232706730852 77.42114470629,12.9232162429016 77.4213346133827,12.9231952735087 77.4216058209424,12.92316532443 77.4217100770124,12.9231636354924 77.4221995254967,12.9231635142607 77.4227061147338,12.9231633903024 77.4229823632001,12.9231669025375 77.4231490405728,12.9234226199396 77.4232756555729,12.9236168806721 77.4231700327409,12.9241964095618 77.4232695493875,12.9247572617414 77.4230815184951,12.9247757773166 77.4226572628284,12.9242514767721 77.421833968463,12.9243984756962 77.4210911192764,12.9245479087359 77.4207195019668,12.9250460559152 77.4207998843863,12.925397471687 77.4206392939909,12.9256001943587 77.420491903683,12.9256786054114 77.420222232892,12.9258220654142 77.4196778254511,12.9261457333235 77.4196627363351,12.9263554936749 77.4197519854587,12.9267363564633 77.4200286320924,12.9270356430899 77.4200128992029,12.9271783301176 77.4199964186304,12.9272128668644 77.4198200260952,12.9275825874507 77.4198256020039,12.9281610828639 77.4201400275851,12.9288289476343 77.4201461706164,12.9294661319477 77.4208388714705,12.9301526106075 77.4209796246492,12.9305537727838 77.4212529250445,12.9312735937075 77.4210599885117,12.9314060130337 77.4211546959721,12.9320201785325 77.4211934423298,12.9321838691501 77.4212241107068,12.9323134497918 77.4209911827088,12.9323264970971 77.4208088111775,12.932358079242 77.420739605366,12.9325646222888 77.4208699455383,12.9327730305159 77.4208672018857,12.9329496593232 77.420861813376,12.9332965296144 77.4208740125729,12.9334107170286 77.4208028796285,12.9335147925526 77.420708172516,12.9334734879771 77.4201063217531,12.9332110128532 77.4194068612046,12.9334897418732 77.4194056678333,12.9334902178715 77.4192730953598,12.9336898426086 77.4191344264943,12.9337270162189 77.4187004742079,12.9342549879039 77.4183305734247,12.9345957506005 77.4179602590626,12.9348934564679 77.4175376860966,12.9350839840477 77.4172968241041,12.9350936023604 77.4170695566198,12.935102678104 77.4169665663195,12.9351266454538 77.416748312644,12.9351774278369 77.4166005304277,12.9352420415678 77.4162208252707,12.9354080607762 77.4156917398949,12.9356393899667 77.4156095376775,12.9356639345298 77.4150715450376,12.9358245670779 77.4141592988184,12.9360770442376 77.4136385645144,12.9359526716162 77.413652473359,12.9362399670168 77.4136968727557,12.9364866700281 77.4137428619275,12.9367422174185 77.41381412212,12.9370350259792 77.4140345056311,12.9375567355265 77.4141184998827,12.9378516280553 77.4141935466498,12.9381150968274 77.4142607153549,12.9382691046536 77.4143057855,12.9383724407645 77.4149686468075,12.938267505614 77.4153652032899,12.9382047284492 77.4152547679026,12.9388947751447 77.4153704726911,12.9402717550833 77.4154572137609,12.9403645110007 77.4155701037448,12.9404852256936 77.4155364907945,12.940794162555 77.4158016946563,12.9409783152934 77.4166591555722,12.9411139151966 77.4170545432948,12.9411389594098 77.4174162378317,12.9407049655247 77.4177879463706,12.9405507934686 77.4178158647574,12.9405276905662 77.4179984747708,12.9403765858376 77.4182518669704,12.940094318226 77.4185080935835,12.9401062963225 77.4189850739173,12.9402454182625 77.419075021523,12.9404670808794 77.4194481129282,12.940456441089 77.4196691196517,12.9398514933871 77.420208098324,12.9403489044018 77.4213762984102,12.9400796724099 77.4217201205822,12.9400693013201 77.4224192103221,12.9402579255924 77.4235177072454,12.9406082612523 77.4235764051893,12.9413707258145 77.4234690880759,12.9426599118418 77.423648825025,12.9440927025962 77.4234496748994,12.9446977592463 77.4235045542078,12.9451844231053 77.4235156227941,12.9452826094553 77.4235180236256,12.9455309645802 77.4236063757539,12.9459381915464 77.4232343448938,12.9459326419115 77.4231179200016,12.9459309071979 77.4232380839631,12.9467710280285 77.4233054483825,12.9472420180397 77.4233640531086,12.9476909186736 77.423569264864,12.9477126657523 77.4232618584784,12.9477178264018 77.4230902784646,12.9477160611955 77.421431903629,12.947599168087 77.4201286194373,12.9475141157526 77.4197333905899,12.9476357671063 77.4194267513356,12.9477173077379 77.4187497344025,12.9478973401023 77.4184531280636,12.9479694949218 77.4181846953942,12.9480395837525 77.4163085522041,12.948529433863 77.4163640344456,12.9492219390455 77.4164184010418,12.9499623005482 77.4164701696924,12.9512600504409 77.4164762619272,12.9514127150311 77.4164850810378,12.9515930742715 77.4164689318763,12.9521206618164 77.4164411723386,12.9529120782369 77.4164489957985,12.9531278275621 77.4164701021578,12.9537099102292 77.4164620101377,12.9543739548071 77.4164656345886,12.9543778256556 77.4165315067156,12.9544482282981 77.4164505424026,12.9548281071585 77.4164616451365,12.9550373308906 77.4164687181304,12.9551705934717 77.4164417870987,12.955462462545 77.4165709211134,12.9559357207392 77.4166621080631,12.9566667743235 77.4167037889969,12.9571329771159 77.4167836322382,12.9577008925488 77.4166839427994,12.9587715149489 77.4166708242163,12.9589124315 77.4166632886278,12.9597750877495 77.4169961800932,12.9597464678793 77.417128649384,12.9604511476474 77.4174463547192,12.9615190180227 77.4175195018429,12.9619466696303 77.4178539647186,12.962021159797 77.4176758850345,12.9624149382235 77.4180977220291,12.9640034751017 77.4184883280516,12.9654743799458 77.418592425059,12.9657387360093 77.4187497006099,12.9661430614448 77.4189903755979,12.9666361897988 77.4192720615337,12.9673115836542 77.4198048499017,12.968575169036 77.4207220065125,12.9685923699459 77.4211737203849,12.9686280485624 77.4216425435782,12.968660136835 77.4218804990093,12.9686579218287 77.4219705535635,12.9686402998714 77.4224873541174,12.9685391767822 77.4230281521011,12.9684012874023 77.423249518104,12.9683448454776 77.4236988969751,12.9682176946507 77.423888522807,12.9681640413951 77.4241665160254,12.9680980964973 77.4252006017897,12.9678527883215 77.4255582172116,12.9677644588423 77.4244670301789,12.9696370305248 77.4233505068418,12.9710503339618 77.4232340709085,12.9711903923474 77.422415971095,12.9721744670046 77.4216209824547,12.9730202717085 77.4218889160034,12.9745779322234 77.4221735241803,12.9748562105504 77.4222886803658,12.9751794855193 77.4225568598184,12.9759323263091 77.4226186899704,12.9764316780351 77.4227665345694,12.97707036074 77.4227963522308,12.9771991705107 77.4228092698928,12.9772765448055 77.4229267189339,12.9779800542632 77.4230123259353,12.97840980362 77.4231161736645,12.9789883743766 77.4233220746256,12.9796754525673 77.4233333735967,12.9799315654759 77.4234133355877,12.9803756270896 77.4235119406919,12.9807917163903 77.4239750801849,12.9806891922112 77.4242373935574,12.981878866602 77.4242769778638,12.9821263699081 77.4243533234798,12.982329790271 77.4244375272581,12.9825768796236 77.4245488169552,12.9827059327654 77.4246517194328,12.9828252613244 77.4248275836513,12.9829235981126 77.4250192725145,12.9831503309073 77.4250741380346,12.9832590949573 77.4252164629842,12.9835412326078 77.4252886681792,12.9836843734064 77.4255451176009,12.9840537907789 77.4258627578897,12.9845976080359 77.4262955022663,12.9843921305826 77.4266907433644,12.9841980892194 77.4274477979366,12.9838264091652 77.4277581517342,12.9836474424652 77.4281563702086,12.983430439782 77.4282489217968,12.9833800039304 77.4287936783052,12.983191999353 77.4298010245959,12.9828241848824 77.430011225856,12.9827627325084 77.4307848485309,12.9825365631085 77.4308881466341,12.9825069035667 77.4313022418459,12.9823879975211 77.4317663189158,12.9822706078463 77.432267973318,12.9821687541154 77.4329391172668,12.9820236758166 77.4353124209049,12.981817472353 77.4355378204184,12.9817978876307 77.4362825001665,12.9817886534512 77.437561084735,12.9817727915428 77.4396190065799,12.9817731587055 77.4398335966147,12.9816372079235 77.4401979496904,12.9814312833347 77.4403989358858,12.9813176905091 77.4417349029256,12.9808052598465 77.4418984226057,12.9811244910089 77.4422400053797,12.9817908339431 77.4422543210301,12.9818182407454 77.4425535963192,12.9823811968953 77.4431454956805,12.9834945870397 77.4439548204642,12.9840376041705 77.4444290893776,12.9842501244808 77.44478470917,12.9844094755017 77.4447029641321,12.9844707603622 77.4448565432158,12.9845815808102 77.446662222315,12.9858845137593 77.4465996726335,12.9861617061913 77.4464668437332,12.9864667546284 77.4465293946461,12.9869330897312 77.4466310331902,12.9876908382195 77.4466704409386,12.9879846171723 77.4467407333959,12.9885086655126 77.4468920632348,12.9893077281086 77.4469270345924,12.9894793537736 77.4471472021812,12.990559896635 77.4474120160225,12.9918595429101 77.4476196076363,12.9927662472951 77.4476416696501,12.9928768240487 77.4478494826852,12.9939182572205 77.4478753153129,12.9940477142887 77.447912444744,12.9948791442492 77.4479200602727,12.9950496557268 77.4479679504029,12.9958449194498 77.4480727066743,12.9970874692337 77.4480651320964,12.9972081625572 77.4480879045005,12.9975890602089 77.4481037499618,12.9978540735708 77.4481240392659,12.998193397175 77.4481492300044,12.9986147174989 77.4476690164352,12.9987897895265 77.4464991747569,12.9991889564859 77.4462759836901,12.9992705839781 77.4457192120929,12.9995216309216 77.4455016481644,12.9996128640256 77.443630255494,13.0003890062663 77.44339701609,13.0003022149495 77.442128044172,13.0008639300195 77.442076391063,12.9995858730285 77.4407959720544,12.9998664102142 77.4408153690217,13.000070794973 77.4403765243723,13.0006932787746 77.4403006028128,13.0008009704621 77.4402046079516,13.0009371415938 77.4389195193198,13.002759986067 77.4389192982593,13.0027602957785 77.4386832702454,13.0032818763557 77.438626454822,13.0034080243971 77.4385074559697,13.0036722321685 77.4381103544276,13.0045547745452 77.4374615083756,13.0057761225067 77.4374451927244,13.0058068356517 77.4374288770471,13.0058375464835 77.4372098893325,13.0063731662993 77.4373011954845,13.0068420337784 77.4374191805246,13.0072283016861 77.4375653339959,13.0077971505564 77.4362603727817,13.0077749970584 77.4362462563189,13.0077748936892 77.4362315170595,13.0077747846023 77.4362102338443,13.0077746282518 77.4356738527292,13.0077871032507 77.4348810915507,13.0080749202527 77.4339419864388,13.0080223997648 77.4336803888106,13.0080271252918 77.4329320525521,13.0080406345855 77.4328083224905,13.0080377262335 77.4315998322553,13.0080093154381 77.4309001387806,13.008053235214 77.4315611362443,13.0091746055771 77.4317580659859,13.0101153358584 77.4318294323976,13.0104562507429 77.4317031425319,13.0106244807096 77.4320148430312,13.010893008347 77.4322692387989,13.010754897978 77.4333736461075,13.0114440297303 77.4338821896451,13.0111364852693 77.4343840948503,13.0112466246441 77.4345746207811,13.0111091139281 77.4345286385791,13.0107649945878 77.4348146917226,13.0105952916796 77.4347659998837,13.0110655393375 77.435259249134,13.0113741339757 77.4352817821366,13.0122776256283 77.4354748976957,13.0124115369007 77.4358685816184,13.0123451886319 77.4361957880736,13.0120184723166 77.4366622574777,13.0117739689825 77.4369333852706,13.0122516942283 77.4368177525412,13.0124197960424 77.4370536515197,13.0125637542967 77.4374474801717,13.0125183075378 77.4378880069357,13.0117937759078 77.4376069974479,13.0113892483237 77.4377856832163,13.0111369975088 77.4392337525461,13.0110085343292 77.4395777312064,13.0113080686624 77.440442578454,13.0114774326274 77.4409294685344,13.012224533548 77.4419156412657,13.0122263851831 77.4420033942203,13.0124761296471 77.4428223518151,13.0123118226904 77.4429690228285,13.012443953884 77.4431682350954,13.0126234072733 77.4432754381091,13.0137361348943 77.4433078560422,13.0143643488997 77.4433639416091,13.0154510898126 77.4433656979396,13.0154851580571 77.4433312470974,13.0156788033404 77.4433740485303,13.0160716935646 77.4434357883948,13.0166384051683 77.4434982185668,13.0172114733253 77.443561867678,13.0177957319053 77.4436051704881,13.0181931877347 77.4436568963598,13.0184598919181 77.4438129958039,13.0192646632672 77.444573132713,13.0203248813864 77.4452408735282,13.0212329912829 77.4452775657439,13.0213097428695 77.4456462163458,13.0220808872356 77.4456606548817,13.0221110863024 77.4458463218184,13.0226710752199 77.4461731205103,13.0236567112051 77.4461987747723,13.0237340871644 77.4466950024287,13.0247285079069 77.4469243469535,13.0251881001165 77.447245906443,13.0257682291947 77.4470221715372,13.0261677333011 77.4468991289419,13.0265098671497 77.4466879606124,13.0270970374796 77.4466258915039,13.027250674005 77.4462787537111,13.0281099114984 77.4460431440976,13.0288417399804 77.4460363208968,13.0288723987614 77.4459972916914,13.029142252961 77.4458295051056,13.0302003799011 77.4457469341636,13.0308150983405 77.4456354576691,13.0316450436056 77.4454500892638,13.0328625814144 77.4453079059416,13.0333764529671 77.4446506765398,13.0357517107122 77.4441555198017,13.0369385468643 77.4437779508216,13.0369770308271 77.443588497153,13.0382377987663 77.4435337676397,13.0387803127189 77.4434581115005,13.0395303036712 77.4432665581812,13.0399116631111 77.4419059591998,13.0403318451904 77.4419291337947,13.0412241452248 77.441993228753,13.0433978230421 77.4419920883661,13.0436659205721 77.441989658542,13.0442373814346 77.4419908809288,13.0444065840068 77.442001088498,13.0449216958953 77.4419334680527,13.0452633089225 77.4422814924373,13.0452878568001 77.4422759009967,13.0453877906793 77.4422694164923,13.0455036905566 77.4421872419513,13.0456902947393 77.4417870341637,13.0465990876983 77.441753114564,13.0466761147405 77.4414006694367,13.0473542411493 77.4410716647463,13.0473720172925 77.4409089621193,13.0475642570024 77.4404576515437,13.048016386591 77.4400538218966,13.0484209513836 77.4396857927354,13.049146282157 77.4396684185162,13.0492248369152 77.4396362567101,13.0493702574271 77.4396130586292,13.0494751385067 77.4394460297703,13.0502303336686 77.4391854573473,13.05140846276 77.4389975779904,13.0516897250227 77.4385109298887,13.0524182464489 77.4384144360745,13.0535085130258 77.4377248699434,13.0542368793645 77.4376731760408,13.0554353068231 77.4376609931074,13.0557177388016 77.4363443769809,13.0557875443129 77.4348972507078,13.0558366586343 77.4331632317508,13.0561545639198 77.4313597814716,13.0567746948492 77.4304764913584,13.0571200637459 77.430719514589,13.0579160861928 77.4314021731382,13.0592579173661 77.4318638970491,13.0602115426521 77.4321577376995,13.0606522823936 77.4322687329904,13.0608995982022 77.4324800993052,13.0621571582821 77.4325425467719,13.0629903562524 77.4327130389419,13.0637693162384 77.4330147069141,13.0650082859591 77.4332125121696,13.0654914441035 77.4332052262914,13.0654945751794 77.432737340186,13.0656955268312 77.4316099206674,13.0661790871315 77.431576188043,13.0661935557887 77.4308888764191,13.0664316144744 77.4306467984056,13.0665154614926 77.4300287235085,13.066729537418 77.429569505564,13.0668885943318 77.4292359260111,13.0670041312195 77.4289109759921,13.0671166790961 77.428786446608,13.0671598108076 77.4267743206439,13.0680641056654 77.4262412860227,13.0680323929281 77.4255863476375,13.0679934250385 77.424794884837,13.0679463321077 77.42447060385,13.0679270363167 77.4245045565497,13.0680314225204 77.4245339021281,13.0681216428857 77.424567018062,13.0682234509342 77.4245954903686,13.0683109801505 77.4246311191369,13.0684205133141 77.4246665192407,13.0685293385068 77.4246904234914,13.0686028333536 77.4247146317016,13.0686772505624 77.4247402897534,13.0687561299086 77.4247841357731,13.0688909322941 77.4248342332445,13.0690449367449 77.4248629344925,13.0691331738529 77.4248934236312,13.0692269038542 77.4249282330119,13.0693339210818 77.4249717094968,13.0694675819062 77.4249781909504,13.0695067087433 77.4250706969754,13.0700653992926 77.4250909219253,13.0701875535185 77.4251121471147,13.0703157238403 77.4251178021397,13.0703431890905 77.4254632719256,13.0717394898905 77.4260560768818,13.0739256938702 77.4260732165773,13.0740285258906 77.4260932086638,13.0741484638473 77.4261088092339,13.0742420465661 77.4261259539185,13.0743448993442 77.4261487284237,13.0744815367854 77.4261670963873,13.074591731236 77.426188614935,13.0747208098627 77.4262091712567,13.0748441403508 77.4262300382555,13.0749693183509 77.4262622951689,13.0751628323691 77.4262455421262,13.0757908802162 77.4262474758048,13.0758199601723 77.4262589605778,13.0759925766926 77.4263313564099,13.0761268001542 77.4263828451989,13.0762222498641 77.4264312509785,13.0763119968032 77.4264454965655,13.0763384051235 77.4264375341684,13.0764106470032 77.4264277627255,13.0765104658323 77.4264271384362,13.0765168395162 77.4264738715571,13.0768987560821 77.4265077098154,13.0769984009502 77.4266956741613,13.0775518646272 77.4267489155535,13.0776418990594 77.426805511057,13.0777375989736 77.4268702544701,13.0778470820364 77.426884028477,13.0778703721297 77.4269562959357,13.0781669444812 77.4269978599876,13.0783375108756 77.4270243893442,13.078446370098 77.4270468897999,13.0785387104174 77.4270748452003,13.0786534406044 77.4272081191434,13.078862912786 77.4289555976122,13.0783506741027</coordinates></LinearRing></outerBoundaryIs></Polygon></MultiGeometry>
  </Placemark>
  <Placemark>
	<Style><LineStyle><color>ff0000ff</color></LineStyle><PolyStyle><fill>0</fill></PolyStyle></Style>
	<ExtendedData><SchemaData schemaUrl="#fixed_geometriesbda">
		<SimpleData name="Names">SOUTH ZONE</SimpleData>
	</SchemaData></ExtendedData>
      <MultiGeometry><Polygon><outerBoundaryIs><LinearRing><coordinates>77.4323393048018,12.8613003253288 77.4347580451212,12.8641914413249 77.436930320235,12.8667859901135 77.4375205042412,12.8679758083247 77.4384086808942,12.8700593306399 77.439154841532,12.8716286941769 77.4394804727077,12.8722307853138 77.4396662387216,12.8725428228729 77.4399659953517,12.8728313865705 77.4402966416294,12.87316448595 77.4413160756248,12.8738572279754 77.4424215102948,12.8747807529209 77.4432887512367,12.8754823748926 77.4439962503362,12.8762004251049 77.4443514862743,12.8767125832175 77.445031217304,12.8777073017321 77.44612174277,12.8794452421357 77.447157753427,12.881056684405 77.4481259053117,12.8827359902116 77.4488372881407,12.8838499267364 77.4499325796114,12.8852889731426 77.4519134738641,12.8877431869608 77.4527082096034,12.8888115027638 77.4533154078002,12.8893885154207 77.4539223903852,12.8899431164716 77.4553721869658,12.8910276879773 77.4574864792986,12.8923151832452 77.4581778912405,12.8929362132766 77.4589723786928,12.8939746224617 77.4603680210347,12.8957469568672 77.4610927559762,12.8966590135196 77.4618000754453,12.8973471152725 77.4622373177004,12.8976531384156 77.4622724060974,12.8976017574962 77.4628784202334,12.8967143822787 77.4626558098566,12.8965685342218 77.4644730090844,12.8938830005293 77.4654658457124,12.8925973864293 77.4668144464629,12.8907224978336 77.4680024585268,12.8890853669581 77.4683921050521,12.888485952707 77.4691314696967,12.8912424932272 77.4699409513216,12.8933279409241 77.4699563535084,12.893386001894 77.4700689894373,12.8936017824748 77.4702403815034,12.8940884671517 77.47052985984,12.8944459653665 77.4708690303649,12.8948648267483 77.4713320170337,12.8954160464524 77.4720135514716,12.8962419552963 77.4724493781253,12.8968502301705 77.4728806949449,12.897564969863 77.4734206687299,12.8984562032451 77.4739782508765,12.8982563726103 77.4744020927716,12.8981411900857 77.4760809562442,12.8974443566086 77.4776667184201,12.8966441731082 77.477019575318,12.8963793174815 77.4764493131707,12.8960095072186 77.476178275598,12.8958175200495 77.4759616769683,12.8956380313577 77.4757472442407,12.8953314219241 77.4756781950128,12.89519371685 77.4755974266352,12.8950118513897 77.4755163346099,12.8947967820946 77.4754809657092,12.894642157872 77.4754847024424,12.8944484226433 77.4755284671391,12.8943096524168 77.4756065140188,12.8942148299028 77.4757076118715,12.8941695999176 77.4759066396439,12.8941870502894 77.4760068866412,12.8942349145653 77.4762845920321,12.8943851519063 77.4764109405157,12.8944620906033 77.4765356710774,12.8945077820776 77.4766141790574,12.8945047031202 77.4766925924013,12.8944922872256 77.4767801650347,12.8944555415065 77.4769926240739,12.8942278066511 77.4773391121261,12.8936699036902 77.4776859203448,12.8932266460247 77.4780531637199,12.8928427748387 77.4781032265353,12.8927801877006 77.4781715280213,12.8927536721742 77.4785853752241,12.8924703626074 77.4787480865402,12.892391212772 77.4790512358386,12.8921452709394 77.4791769591765,12.8918188124715 77.4792327082034,12.8912081009818 77.4792635762594,12.8902971397995 77.4792848622256,12.890031164626 77.4793865495866,12.8898386872026 77.4794498653048,12.8897950935802 77.479541064462,12.8897512375066 77.4796565875031,12.8897501426823 77.4798840768393,12.8897909783852 77.480240655354,12.8899947473677 77.4806409400701,12.890186371987 77.4809124408162,12.8902463341508 77.4810159384613,12.890237534637 77.4811072153351,12.8902014953785 77.4812611107032,12.8900515150132 77.4815175414462,12.8897950329718 77.4820380982999,12.8892546389072 77.4821359168299,12.8890739232757 77.4821930881728,12.8888115156507 77.4823410526523,12.8880596916589 77.4825500781293,12.8874401757991 77.4828268603564,12.8868239247762 77.4829002756416,12.8865926299252 77.4829137824684,12.8863462709315 77.4828835486707,12.8861081422777 77.4828427883095,12.8860147256657 77.4828298740251,12.8859882163222 77.4827443827016,12.8858790728929 77.4826770932639,12.8858077818827 77.4824247743797,12.8858068747818 77.4822433569778,12.8858584033187 77.481240986701,12.8859728349786 77.4812011120631,12.8859833946847 77.4809146830921,12.8860251950534 77.4807313247476,12.8860152082853 77.4802072096302,12.8859877803776 77.4799390255572,12.8860657089989 77.4794107150384,12.8862231452995 77.4791641577192,12.8862684728841 77.4790047011748,12.8862582584973 77.4788971067545,12.8862553690625 77.4788370098572,12.886220761845 77.4787846083971,12.8861587242684 77.4787557226406,12.8860573761933 77.4788272975257,12.8858210694473 77.4789118437251,12.8856699937588 77.4789364505425,12.8855908967042 77.4789451460441,12.8854693154129 77.4789377004427,12.8852878856462 77.4790215708586,12.8848067750231 77.4790367003433,12.8847709402728 77.4789858350822,12.884590110584 77.4789006985527,12.8844312725821 77.478773673943,12.8843663447781 77.4784855322554,12.8840568510031 77.4782165133039,12.883669123055 77.4776937184283,12.8830951613764 77.4765557702468,12.8819936408195 77.4759895368043,12.8815447450308 77.4758077080039,12.8814348137353 77.4751466001615,12.8809532192373 77.4749053852538,12.880695314318 77.4748193796804,12.880039159678 77.4748965706173,12.8797977579784 77.4752182187133,12.8794694863751 77.475486638084,12.8791222036342 77.475656193195,12.8788343969067 77.4758113350209,12.8784296426413 77.4766985884941,12.8783106747774 77.4770021326958,12.8781647032641 77.4777643836984,12.8781444812391 77.4782327656427,12.8779058835761 77.4786388206845,12.8780711600176 77.4789231802086,12.8779969181882 77.4795125528155,12.8779262916673 77.4799046452619,12.8780201481595 77.4816231791254,12.8779976225141 77.4816945057213,12.8779966872486 77.4816446430148,12.8776459116922 77.4815397609192,12.8770940136231 77.4815343878453,12.8769867671501 77.4815150057173,12.8765999001126 77.4813785780452,12.8762109147023 77.481270141417,12.8759712737166 77.4812126250922,12.8755164948728 77.4811505293296,12.8752699103598 77.4813486410417,12.8751899764776 77.4813417540919,12.8751640233021 77.4812795294042,12.874904429476 77.4812563786995,12.8745729145689 77.481131062475,12.8746391481827 77.4810745712123,12.8742884349824 77.4810992970787,12.8741060708804 77.4813243072016,12.8740649122748 77.4826885861014,12.8739153867807 77.4827385356431,12.8739374902762 77.4831347311194,12.8741128014641 77.484532436028,12.8718456388473 77.4846029813996,12.8717312079981 77.4846215216275,12.8715944368596 77.4855798660821,12.8712926409638 77.4859768451873,12.8712108175503 77.4862084829052,12.8711695924268 77.4875659605491,12.8716770723448 77.4888734424716,12.8718207640547 77.4889943324503,12.8717820422978 77.4905058300809,12.8712978951502 77.4918066925527,12.870771666138 77.4924571630025,12.8721899761838 77.4928365680835,12.8723424754836 77.4929143799798,12.8721661109233 77.494555703392,12.8718772973732 77.4948480284379,12.8719395595942 77.4950441988769,12.8730044367482 77.4952138526327,12.8733995968532 77.495504570281,12.8732992590654 77.4957694782377,12.8732707170818 77.4960078722127,12.873242426577 77.496345635571,12.8732066855028 77.4967038025642,12.8732227867418 77.4975290909857,12.8722067165004 77.4984070594235,12.8733666665218 77.5003095084682,12.8743295471968 77.5003167742795,12.8745347593092 77.5011384842545,12.8751643562607 77.5013113605633,12.8752147423576 77.5015460271533,12.875479185124 77.5022788531258,12.8758364382392 77.5023340807591,12.8760570634937 77.5027455424983,12.8760986626819 77.5031928615808,12.8764131082206 77.5045912603443,12.8770306746597 77.5046637960021,12.8769909543731 77.5050976382418,12.8766160475825 77.505250239304,12.8766275963597 77.5054155811685,12.8765869880852 77.5057402514377,12.8759009109276 77.5057968762716,12.8755946576469 77.5064983411883,12.8741309399387 77.5071230964723,12.8729541552029 77.5074502173675,12.8725152231813 77.5079139618824,12.871814804449 77.5084623268297,12.8709574665636 77.5092306101234,12.8702151041267 77.5102522412359,12.8689499540029 77.5106968337836,12.8689912268907 77.5117156456729,12.8681098632785 77.5124133035873,12.8682657885889 77.5133399924011,12.8681203067235 77.5154594323951,12.8679178471992 77.5194294157852,12.8717888717971 77.5202620710621,12.8721841352929 77.5218634837894,12.87122558268 77.5230431071902,12.8705182546236 77.5243182617219,12.8700831842372 77.5245418757251,12.8692419615566 77.5256948465482,12.8691853183794 77.5266978225166,12.8686967752335 77.5275507703435,12.8679161759866 77.5276385786157,12.8669690019629 77.5276232291915,12.8667035133459 77.5276758784071,12.8660472196172 77.5279155032388,12.8633636465276 77.5270492384498,12.8623233842921 77.5270044652601,12.8623210701955 77.5267258842963,12.8621508809896 77.5264243993871,12.8620572872655 77.5263659185758,12.8619788944591 77.5262222835273,12.8617340149977 77.5260288797494,12.8616188014505 77.5253908316255,12.8614558322991 77.5254655619984,12.8609737863788 77.5256349681605,12.8600160066441 77.5257131182965,12.8578883126723 77.5265310198014,12.8568137135184 77.5267078416589,12.8565973638457 77.5273936973098,12.8562395177906 77.5274601297599,12.8562036561873 77.5273841020563,12.8558298424117 77.52738212224,12.8557452935988 77.5274084293773,12.8550620795183 77.5284541054156,12.8548893916341 77.5287269954478,12.8556607829066 77.5294473057122,12.8560961361284 77.5298897501453,12.8572131740558 77.5299914057574,12.8574698176787 77.5297270431855,12.8575504215966 77.5302310503534,12.8588919667613 77.530639649629,12.8587931364888 77.5311833517878,12.8586616263518 77.5310285237913,12.8577655166088 77.5321551189382,12.8577286232362 77.5323798633849,12.8583248561984 77.5324410871283,12.858480370107 77.5325767906875,12.8587912698073 77.5327393353041,12.8591344317891 77.5329323475163,12.8592106190467 77.533802455653,12.8593778317415 77.5349161885399,12.8593800744295 77.5357318670581,12.8600681549562 77.5357024194006,12.861096127316 77.5354934383488,12.8614103580475 77.5354697986515,12.8616967788037 77.5354844947936,12.8618397313808 77.535604007077,12.8618580897242 77.5358565471242,12.8619206902529 77.5359694319373,12.8619391125246 77.53607562019,12.8619510926774 77.5362414016757,12.8619559930284 77.5363874295402,12.8619740944695 77.536323626338,12.862221877986 77.5363256526128,12.8624234920372 77.536356479646,12.862852483042 77.5363004188165,12.8632107647005 77.5365594607819,12.8632602912876 77.5365516936503,12.8638067336699 77.5363270364224,12.8638804548618 77.5362199321706,12.8637774222965 77.5357205489088,12.8638428011471 77.5359183788179,12.8641412801828 77.5358944408768,12.864340585914 77.5359348992365,12.8643867019154 77.5362260770257,12.8643887724379 77.536344283008,12.8642770529148 77.5369077878605,12.8642781055305 77.53755661608,12.864193771809 77.5377569397446,12.8636779890066 77.5379956371042,12.8636821820986 77.5381846404317,12.8640185793173 77.5381870610141,12.8642592149156 77.538557222432,12.8641515614885 77.5386507444514,12.8642222029142 77.5380699267904,12.8657953765642 77.539019998103,12.8660008184504 77.5396031957327,12.8659821578134 77.5397299166079,12.8659824124503 77.5397712449098,12.866305752483 77.5396296825782,12.866531253995 77.5396637218192,12.8669708787204 77.5398291481394,12.8670149317419 77.5398106251593,12.8674306159403 77.5398045960599,12.8675173827049 77.540052726435,12.8675235128553 77.5401599099391,12.8675139387875 77.5401871451198,12.8676673071059 77.5412832550775,12.867578947455 77.5414008699302,12.8674086954312 77.5418252413042,12.8674175868702 77.5427124457193,12.8673049114619 77.543293939679,12.8671171465377 77.5441208289087,12.8669400091953 77.5461960802295,12.8663084473825 77.5465558028429,12.8658236334487 77.5479814915045,12.8652048773118 77.5480587802123,12.8651169970772 77.5480506825502,12.8650193591752 77.5480711759534,12.8649354028371 77.548113362759,12.8648861330399 77.5484880407715,12.8646521550764 77.5485798079154,12.8645814643308 77.5486433345689,12.8644238624183 77.548653052439,12.8643257107297 77.5486248707938,12.8641859053625 77.5485615811456,12.8641042236634 77.5484591427783,12.8640334299251 77.5483981699413,12.8640042561022 77.5483110905427,12.8639750740639 77.548267240153,12.8639214204569 77.5482158254369,12.8637613835836 77.5482028027314,12.8637064590348 77.5481835195587,12.8636018629236 77.5481439967773,12.8635759823464 77.5480899605954,12.8635639421635 77.5480143298404,12.8635330061931 77.5477645885657,12.8634586576667 77.5476642995196,12.86338983479 77.5474275202255,12.863189718768 77.5472624356193,12.8630447466178 77.5471845909239,12.8629706116352 77.5470410820053,12.8628972971454 77.5469167609573,12.8628393602325 77.5468180104235,12.8627998531851 77.5467093939337,12.8627261976746 77.5466324719635,12.8626491235583 77.5464741380142,12.8623642775094 77.5464031508836,12.8622466764479 77.5463158570699,12.8619046713922 77.546357082568,12.8614481787036 77.5463465317455,12.8614108476466 77.5460711873928,12.861104360142 77.5459782486659,12.8610118780422 77.5459263270075,12.8608972049537 77.5458903970393,12.8607948291116 77.5458647192883,12.8606214058713 77.5457988543083,12.8604609527785 77.5457061065697,12.8602440325694 77.545565776137,12.8600132759169 77.5454533311327,12.8598742878445 77.5453370875147,12.8597689583908 77.5452928616844,12.8596158326689 77.545227011972,12.8594349959242 77.5452008446909,12.8591886543852 77.5452716676717,12.8589250329915 77.5453216967211,12.8587822306068 77.5453625917041,12.8587413878991 77.5454099900996,12.858722251221 77.5454513548506,12.8587342995301 77.5455124137935,12.8588115291846 77.5458046097121,12.8591573350957 77.5458495259403,12.8592067065046 77.5458749048146,12.8592064600952 77.5459032986089,12.8591906184933 77.5459378496959,12.8591560414379 77.5461158767689,12.8588772677293 77.5463375647129,12.8585233601172 77.5465997366811,12.8580943475977 77.5466459075226,12.857953821385 77.5466450911619,12.8578728945307 77.5466318698708,12.8578201038903 77.5465518396853,12.8577492836572 77.5463409592868,12.8576019143472 77.5462735890577,12.8575278595175 77.5462452584323,12.8574149142251 77.5462077924141,12.8572268192013 77.5461556800503,12.856996991343 77.5461399046872,12.856843587715 77.5461381451253,12.856669109145 77.5461435694116,12.8565015401493 77.5462056151075,12.8563055014584 77.5462749862492,12.8561303323174 77.5463675789624,12.8559650150429 77.5464814046657,12.8558760563103 77.5467413296277,12.8556960997288 77.5468095262935,12.8556160594195 77.5468232585087,12.8555622273431 77.5468060386625,12.855506363057 77.5467769938641,12.8554576163975 77.546727084192,12.8553889222023 77.5466864921949,12.8553166736111 77.5465207091966,12.8551019081025 77.5462764725771,12.8548669651935 77.5461037203351,12.8546662246937 77.546059847402,12.8545479948701 77.5459724497814,12.8543464265993 77.54594979081,12.854275190018 77.5459246697284,12.8541729999799 77.545918482725,12.8540903263751 77.5459299449139,12.8540324317564 77.5459562090236,12.8539173744421 77.5459795708465,12.8536413935439 77.5459983752071,12.8533899364589 77.5459890103598,12.8531666718683 77.5459670495716,12.8530195377297 77.5459607713375,12.8529530154718 77.5459331542032,12.8529020665644 77.5459098817267,12.8528835788042 77.5458717552126,12.8528648349591 77.5458687057142,12.8528609236079 77.5458159983892,12.8528313025086 77.5457576373314,12.8527676003672 77.5457358357461,12.85275033607 77.5455923109711,12.8526260928514 77.5455056180869,12.852494317857 77.5453889976214,12.8522162528976 77.5453380826605,12.8521050713543 77.5453084336876,12.851986701433 77.545307167691,12.8518610750004 77.5453056907211,12.8517145117308 77.5453049187327,12.8516379047374 77.5452923565899,12.8515950673895 77.5452470296774,12.8515405877377 77.5452033993496,12.8515126546176 77.5450869272574,12.8514567491873 77.5450003081742,12.8513612846607 77.5449370764761,12.8512848534698 77.544913315027,12.8512290523726 77.5449159681731,12.8511599055355 77.5449149134168,12.8510552177065 77.5449637174756,12.8509570273864 77.545026821147,12.8508656758763 77.5452103483503,12.8507242990819 77.5453801456429,12.8506319124853 77.5454435276523,12.8505684791326 77.5455560687092,12.8504417512909 77.5456477612206,12.8503640827808 77.5457244562136,12.8502097817655 77.5457296704607,12.8500212740405 77.5457498849265,12.8499094005828 77.5457778230273,12.8497791749408 77.5457671793901,12.8496672141908 77.5456903223654,12.84959636237 77.5456421128695,12.8495345735969 77.5455456939158,12.8494109923964 77.5454945599401,12.8493741352745 77.5453399928977,12.849301266212 77.5452807375028,12.8492485794689 77.545222320187,12.8491184054559 77.5452091670053,12.8490002467538 77.5452323100226,12.8488096135601 77.5451787107855,12.8487142108182 77.5450807356557,12.8486930269001 77.5446284655359,12.8485867321167 77.5444315512335,12.8484484459495 77.5445099541904,12.8480197221353 77.5447793100812,12.8478842942834 77.5447636761798,12.8478254138496 77.5448010485018,12.847802917256 77.5515847421036,12.8478698614739 77.5522042161611,12.8474063617416 77.5531705400608,12.8470354089317 77.5534164487242,12.8475568994841 77.55341094274,12.8477561776306 77.554148742037,12.8481207230948 77.5558353512866,12.8458215091801 77.557191792201,12.8442102787333 77.5573304222222,12.8441984064178 77.5573045156043,12.8432042188858 77.5573121514254,12.8431360629547 77.5573840704536,12.8422201427782 77.5574706535343,12.8417165967018 77.5601072016148,12.840557046891 77.5632015676672,12.8391987103991 77.5659247803444,12.8398017528043 77.5735045791521,12.8393713784537 77.5746131022455,12.83911885668 77.5760516558557,12.8387911475657 77.5791828009955,12.8381201957801 77.5806093460046,12.8378622909913 77.5813521268172,12.8375806147792 77.582248990077,12.8371754732144 77.5826804867753,12.8368358787432 77.5829439228896,12.8366472966937 77.5831122927337,12.8365267685212 77.5833405495666,12.8363508741961 77.5835130314368,12.8362179633703 77.5838211946535,12.8359710395644 77.5849381134713,12.8349645832047 77.5850526033213,12.8348614147124 77.5856641460502,12.8342962372276 77.5870252613097,12.8333353366618 77.5899920109185,12.8354957234618 77.5902706569144,12.8354637067436 77.5907392582715,12.8355144237363 77.5906988491611,12.8348728970191 77.591681864895,12.8344924326173 77.5922961543951,12.8361022518319 77.5929892276195,12.837694685771 77.5939759019869,12.8404186527716 77.5942125950764,12.8415009468101 77.5945403527622,12.8432131935609 77.5945695243451,12.8449560585095 77.5945136849893,12.8455597985759 77.5944517117915,12.8455659429613 77.5945705592587,12.8460335033235 77.594752987488,12.846773232621 77.5948753337396,12.8471538560134 77.594968459021,12.8474351602366 77.5951586442715,12.8478317168626 77.5953609048434,12.8483056229422 77.5954135902221,12.8484932533154 77.5957298891046,12.8490877749367 77.5962975757916,12.8488995443765 77.5977079040116,12.8483875418219 77.5982879460514,12.8483043273875 77.5994072461013,12.8480110179887 77.5994803844782,12.847993691915 77.6005113923006,12.8478894018429 77.6005853829845,12.8479550730515 77.6006537366073,12.8480208010012 77.6007054031168,12.8481088321345 77.6014950619417,12.8481176064239 77.6027159767003,12.8483821887759 77.6040681856395,12.8482525617434 77.6047994542139,12.848068225274 77.6067344229704,12.8475731058553 77.6076162298804,12.847221250225 77.6088264591225,12.8464510953134 77.6093085077741,12.8461640827252 77.6091813980377,12.8469622076471 77.6091176311349,12.8478869801134 77.6090872243568,12.8482193080833 77.6090938797412,12.8487840376511 77.6091229077209,12.8489438777789 77.6091591604463,12.8497237787362 77.6092591235093,12.8512113670687 77.6105689696088,12.8513477468834 77.6118791010228,12.8515117872856 77.6124902555819,12.8517104498598 77.6128673376937,12.8516347580504 77.6129824697251,12.8518604949133 77.6136566557032,12.8529493559984 77.6141522894922,12.8537247777439 77.6148778131393,12.8546195464073 77.6157305837624,12.8552750920679 77.6166033945132,12.8556869489883 77.6171259474507,12.8572070074116 77.6175893571931,12.8572210207745 77.6182661332378,12.8572197970846 77.6191252044697,12.857393832208 77.6189199370317,12.8577223709986 77.6191342987289,12.8578475063267 77.6193569433925,12.8580159068184 77.619865486066,12.8577452070902 77.6235059547613,12.8578268634892 77.6274192529311,12.8581123237059 77.6278387825228,12.8579605570663 77.6281697755971,12.8579719953814 77.6291341373619,12.8581467835259 77.62999164411,12.8596138319961 77.6300823781335,12.8602743724696 77.6301615378155,12.8607631338945 77.6307036826292,12.8610559556764 77.6321720153633,12.8617390141423 77.6333176958039,12.8619931240215 77.6339948037195,12.8620232141698 77.6346232827369,12.862167229397 77.6345909658685,12.8623334120315 77.6349519767464,12.8628226979618 77.6353776436893,12.8629115318193 77.6360332652364,12.8629090888902 77.6365548843854,12.8630366517523 77.637083574284,12.8630313334515 77.6376480329137,12.8628056922394 77.638251358712,12.8630610843078 77.6387796819684,12.8642038324547 77.6390217520356,12.8650791099137 77.6392715321476,12.8650850479014 77.6407865953611,12.8650336663013 77.6418489546179,12.8650090301356 77.6414907859267,12.8644178714613 77.6416851152512,12.863585867396 77.6420104598435,12.8635392065263 77.6424083041877,12.8615532717593 77.6431322955153,12.8595981370489 77.6431477070093,12.8594541065976 77.6431692213983,12.8577384661925 77.6431653429082,12.8557519351083 77.6430619980402,12.8523442619174 77.6430771967496,12.8512816524473 77.6433593818148,12.8513009446902 77.645353376935,12.8521440892016 77.6453346923131,12.851842013623 77.6454918042187,12.851899214039 77.646313123015,12.8522395478513 77.6464219627873,12.8518621654639 77.646897209189,12.8520067771057 77.6469559207361,12.8522275283945 77.6471824130428,12.852313783108 77.6474358797362,12.8522835556837 77.6484195163863,12.8525060388577 77.6486872909381,12.851921145471 77.6494403630166,12.8522068214456 77.6502697717243,12.852242712896 77.6501842415191,12.853228556277 77.6505297074677,12.8532208332616 77.6505877650495,12.8524497746375 77.6508446065211,12.8522037010607 77.6510137792412,12.8522019915075 77.6509806363889,12.8528054895754 77.6508627391014,12.8528564829787 77.6508352391291,12.8529231637948 77.6508305867162,12.853017282282 77.6508266766286,12.8531819437092 77.6508444798142,12.8532661543862 77.6511487202607,12.8533399123035 77.6513880782425,12.8533851656084 77.6513234842085,12.8540692940536 77.6513231569136,12.8540727601085 77.65145519978,12.8540485177471 77.6519602776749,12.8541688391776 77.6523611769297,12.8543935081597 77.6525859654189,12.8543174548916 77.6535521140728,12.8547531354055 77.6539667351118,12.8550311530828 77.6539562688006,12.8551087275154 77.6552651256413,12.8551508167817 77.6556381798405,12.8552300423444 77.6556226008151,12.8553574730061 77.6559681585346,12.8555033790915 77.6561541840479,12.8549592046095 77.6564996249295,12.8550940454734 77.6564555096946,12.8557253195468 77.656705610409,12.8559109291486 77.656954545976,12.8559858756262 77.6570621549789,12.8560290556067 77.6571705801635,12.8561496956024 77.6572055789977,12.8562600128759 77.6570980969185,12.8567646560325 77.6572881384954,12.856602256821 77.6579804222662,12.8570047257328 77.6578917392152,12.8575813997596 77.6577823952493,12.8586406704125 77.6582194450072,12.85778701156 77.6583974613148,12.8578979926273 77.659466394557,12.8586014604908 77.6607277032436,12.8584115904333 77.6613530909022,12.8585306730915 77.6613847228281,12.858677911062 77.6619507923217,12.8590440241009 77.6627930030383,12.8579947763177 77.663105434584,12.8575459764621 77.6640834276738,12.8563608833986 77.6655333756587,12.8545310685294 77.6687792496318,12.8504794949029 77.6714243076101,12.8472108379807 77.6774021375678,12.8395012397113 77.6782425850366,12.8383573183081 77.6785855852767,12.8376815731225 77.679179138083,12.8362264538175 77.6802622037114,12.8335562969805 77.6816000936322,12.8290759456022 77.6820131703713,12.8278318106994 77.6823101685167,12.8271266566845 77.6827132435739,12.8263756035132 77.6828982086622,12.8261421643888 77.682832958135,12.8259823095865 77.6831138348456,12.8256206279935 77.682955859656,12.8255532122597 77.6829375193166,12.8251714630795 77.6827324163033,12.8251055550226 77.6827349640946,12.825001734345 77.6825558274277,12.8249749318819 77.6825921392067,12.8246130733552 77.6826194133234,12.824444044513 77.6825749783708,12.8241041478106 77.6818309094414,12.8232946060621 77.680335410827,12.8216622651875 77.6786981642873,12.8198981924722 77.6779391627651,12.8185190229225 77.6768520706988,12.8164279318995 77.6758963003497,12.8145653353631 77.6752225460344,12.8147360487026 77.6743604108687,12.8149544900496 77.6726389643182,12.815390649505 77.6725037728144,12.8154249002594 77.6713010443885,12.8157473368484 77.6705766008033,12.8159360913156 77.670346217589,12.8159642816465 77.6680773139448,12.8162934290622 77.6670308066642,12.8164033108119 77.6650327445827,12.8167213610336 77.6636982166607,12.8169263210229 77.6622769892749,12.817132156907 77.6618585597305,12.8171931159039 77.6621172272539,12.8170557782934 77.662665520179,12.816298579635 77.6622975904076,12.8152791679485 77.6617273005077,12.8133583968835 77.6612775482699,12.8117587410871 77.6591446082277,12.8126401229732 77.6586275494034,12.813001433886 77.658740908036,12.8127432471064 77.6590213904559,12.8115133019484 77.6592446445001,12.8107993588471 77.6594024248462,12.810069849238 77.6596274615809,12.8088769499518 77.659808778788,12.8078871897182 77.6599151845863,12.8067084337975 77.6599971338456,12.8053783087362 77.6598811773251,12.8052547331683 77.6598220634775,12.8051917334103 77.6597689458987,12.8051351254936 77.6595970264671,12.8049519039159 77.6594747190469,12.8048215605245 77.6590828999037,12.8044039840167 77.6584299765187,12.8044364624632 77.6583337457127,12.8044167170294 77.6580993339118,12.8043686231446 77.657034555589,12.8041399539498 77.655412683348,12.8042727920204 77.6541643675424,12.804368273571 77.6537510323317,12.8043934170924 77.6537218433439,12.8043951961113 77.6534942245398,12.8043674808193 77.6533242244337,12.8043485464425 77.6532872901881,12.8043465805589 77.6523775903915,12.8043413606878 77.6515595242064,12.8042298147696 77.6513890727035,12.8042569530306 77.6511812441217,12.8042900412802 77.6509644823247,12.804324551464 77.6507904945134,12.8043522499596 77.6505398915593,12.8043921469432 77.6503597372257,12.8044208277236 77.6494513141925,12.8044299723428 77.6483288303829,12.8044113199893 77.6482986573681,12.8044123104217 77.6480536973078,12.8044203691768 77.6479411115681,12.8044240711397 77.6478006544373,12.8044286917123 77.6475710398608,12.8044362418228 77.6474689350316,12.8044396022744 77.6473710776645,12.8044428205234 77.647252069962,12.8044467347935 77.6470862879031,12.804452185534 77.6467285319609,12.8039959846743 77.6466511862322,12.8038973566099 77.646605744417,12.8028055903909 77.646549623201,12.8018853623956 77.6465319878402,12.8012198113841 77.6464900180925,12.800271436105 77.6464183284364,12.7993569355847 77.646394703297,12.7990555792007 77.6457174827051,12.7992396477165 77.6455645637067,12.7992658978536 77.6453647929459,12.7993001904407 77.6452564790455,12.7993187812321 77.6450424035511,12.7993555323254 77.6446645290197,12.7994203975396 77.6446134942419,12.7986834906743 77.6447275286811,12.7986449139253 77.6448078817459,12.7986177233135 77.6445177771767,12.7979535427243 77.644372742242,12.7973731407981 77.6440826553884,12.7962927455757 77.6439039201963,12.7955554199505 77.6437637742056,12.7949976374447 77.6444620839893,12.7948124019571 77.6450264974954,12.7946022990557 77.6447619182394,12.7938343852496 77.6445916875263,12.7933293696702 77.6445364860403,12.7926484722318 77.6445256801427,12.7921243834337 77.6446628437903,12.7919106121846 77.6444320941918,12.7918238139449 77.6443569542001,12.7916712939404 77.6443010350192,12.7915577887835 77.6442054810165,12.791226363863 77.6441502181895,12.7910733759898 77.6441380407107,12.7910698371297 77.6440229949851,12.7910363814882 77.6439331235918,12.7911316382242 77.6439251587186,12.7913938180637 77.6437307345362,12.7917155276335 77.643640656259,12.7917586041624 77.6435408492595,12.7918063274251 77.6435294159392,12.7918117938055 77.6428337535188,12.7918136428193 77.642589857905,12.7920047991508 77.6425589740293,12.7920177341323 77.6423077900273,12.7921229503575 77.6419986698446,12.7922099239674 77.6419189893764,12.7922578981796 77.6413204694359,12.7926014154902 77.6409429552862,12.7927939101702 77.6406301779416,12.793043419122 77.6402578452573,12.7932201367728 77.6400985943218,12.793326571534 77.6396014235145,12.7933210695882 77.6392701587116,12.7933348720404 77.6390634557005,12.7935046859225 77.63867869411,12.7937096491205 77.6386696411827,12.7938669994013 77.6387459387453,12.7940077704479 77.6384269958806,12.7941787082206 77.6383953300767,12.7941869788879 77.637696667953,12.7943694917391 77.6379011379316,12.7950137963172 77.6379859428272,12.7954585180705 77.6378334066306,12.795719179382 77.637928409549,12.7961166190024 77.6379520044117,12.796323648524 77.6379695857778,12.7964779059342 77.6372461254471,12.7968153967493 77.6359676594527,12.7974178411487 77.635834791034,12.7980062757527 77.6355777524313,12.7990501328064 77.6353629069409,12.7999801181274 77.6352808848798,12.8003564876552 77.635320987633,12.8010017593001 77.6353258175186,12.8010794354807 77.6354112190432,12.8015818115078 77.6355715912185,12.8020807403023 77.6355465020713,12.8022382513366 77.6355984366254,12.8023191679122 77.6356639715157,12.8023681480467 77.6357564755925,12.8028966421604 77.6358685360074,12.8032807868461 77.6358984640062,12.8033797549109 77.6359654733963,12.8035705308219 77.635987067573,12.8039924185852 77.636004574044,12.8041337764298 77.6360035535349,12.8043184987634 77.6360027175146,12.8044692843207 77.6359780158573,12.8048721021799 77.6359629057389,12.8051185309088 77.6359340194644,12.8055896351955 77.6357159717564,12.8055782937303 77.6355114890926,12.8055676580997 77.6353696436957,12.8055391397824 77.6352382931169,12.8055127296133 77.6350832850774,12.8055142814261 77.6350767966705,12.8054042642124 77.6349023561471,12.8053972266227 77.6345951671516,12.8057914057224 77.6342797932047,12.8058661047623 77.6340211469796,12.8057828416136 77.6339210154836,12.8056984430194 77.6334265416718,12.8058927284994 77.6333106625301,12.8059382602624 77.6330112655386,12.8061463478543 77.6329094835169,12.8061807505723 77.632753362118,12.8061346186602 77.6325833904469,12.8061601655263 77.6324513890181,12.8060947119719 77.6322471762983,12.8061015231791 77.6323196149304,12.8065810648865 77.6323083872625,12.8067723192123 77.6323030894901,12.806862638917 77.6321388642311,12.8074413963338 77.6321319551443,12.807713331794 77.632135124793,12.8080185533437 77.632097703741,12.808162015287 77.6319372598147,12.808168388806 77.6319299243511,12.8082567515007 77.6319188808883,12.8083897295871 77.6319028646896,12.8085826045078 77.6318806353119,12.8088502735459 77.6318337300921,12.8092671260238 77.6318311504786,12.8092685787915 77.6314059468283,12.8095084543296 77.6311681310497,12.8095585282531 77.6309763233619,12.8098227725002 77.6309775611535,12.8099419987855 77.6309110515097,12.8100952916704 77.6307941730681,12.8107128809514 77.6313671501632,12.810765950945 77.6313245117498,12.8109912024149 77.6312852709635,12.8112304583234 77.631269776437,12.8113249412367 77.6312422352939,12.8114174608331 77.6317713977212,12.8115823453341 77.6317603354228,12.8116681180267 77.6316724217884,12.8118546975472 77.6315873867917,12.8119528987994 77.6315507197376,12.8119622852864 77.6315402272944,12.8119649689524 77.6314670173159,12.8120987168681 77.6314492464195,12.812261060222 77.6314573791977,12.8125757699889 77.6314021890792,12.8128815776441 77.6313803941326,12.8131250440588 77.6313383587625,12.8132924036439 77.6313212780279,12.8135531916867 77.6313040543421,12.8137679943805 77.6313048964176,12.813849068764 77.6312983026096,12.814033340867 77.6312684491223,12.8140343888121 77.63101661466,12.8140432469394 77.6310261958721,12.8142700507214 77.6310564188083,12.8143973800399 77.631079566451,12.8145389619199 77.6310816282846,12.8147374772854 77.6310671700053,12.8154325001628 77.6310634062509,12.8157658009113 77.6310895837378,12.8160554218345 77.6310960622093,12.8161270963134 77.6310964396462,12.8167256283781 77.6311537757397,12.8174650732312 77.6311613000436,12.8175462079516 77.6312203112979,12.8181827670058 77.6313199470603,12.8186741943741 77.6311347612771,12.8190468139166 77.6312476265025,12.819628093445 77.6312904347549,12.819781167066 77.6313731827424,12.8200770581525 77.6314996796237,12.8205293945347 77.6309242341429,12.8207224698383 77.6302555390936,12.8209012682274 77.6300549786648,12.8208488392045 77.6298772438463,12.8209082809133 77.6296039068817,12.8209712319582 77.6295370092009,12.8208591056393 77.6294692912631,12.8207456021543 77.6293400015897,12.820201031639 77.6291450668586,12.8196432800866 77.6290741043689,12.8191697682432 77.6290691251858,12.8190649576678 77.6290609942884,12.8188937909389 77.6290546558728,12.8187604337238 77.6290489221726,12.8186396934835 77.6290473572214,12.8186067708567 77.629021773618,12.8182191612259 77.628907915824,12.8176349754817 77.6287722087193,12.8170227992668 77.6286255720924,12.8167421825411 77.6283358876483,12.8165264619021 77.6282674085741,12.8161604376662 77.6282439489486,12.8159773166509 77.6280544743757,12.8157561351254 77.6280861471481,12.8156214844194 77.6280168112143,12.8155564601616 77.6282749717007,12.8155045171749 77.6282437466845,12.8152650563181 77.6281504084265,12.8152730405316 77.6281478478856,12.815026243946 77.6280497546496,12.8145758846075 77.6277189316955,12.8145509854596 77.627732060885,12.814453727684 77.6277321703857,12.8144529240628 77.6278847274167,12.8144762044006 77.6282951827841,12.8144257814005 77.6284055713062,12.8137006510914 77.6284063191932,12.8136957313213 77.6284418965429,12.8135846780107 77.6284616222641,12.8134081747684 77.628492890294,12.8133276721044 77.6285386147607,12.8132099491787 77.6285656008776,12.8130404296242 77.628596922958,12.8128917717654 77.6286384314477,12.8127393209686 77.6286599619939,12.8126556916154 77.6287032356975,12.8124537301719 77.6286948047867,12.812333927997 77.6287006020254,12.8121998804641 77.6291539396128,12.8122588195558 77.629440110035,12.8122070494639 77.6296400815715,12.8117574538925 77.62981044572,12.8114979574603 77.6299760164362,12.811245766318 77.6300693130376,12.8112752511033 77.6303239742642,12.8113557379167 77.6304559432553,12.8108438941597 77.6301740292944,12.8107769850864 77.6300508904155,12.8107477592804 77.630037704542,12.8101696189293 77.6300725048543,12.8096193232575 77.6300747440029,12.8095839272804 77.6298157048917,12.8095512536017 77.6296759354229,12.8095385957693 77.6295351869997,12.8095258481937 77.6291573586646,12.8095330902671 77.6287664343553,12.8095405828897 77.6280339730553,12.8095902109215 77.6274665538133,12.8096170342681 77.6274134044424,12.8093425315201 77.6273238196649,12.8090190289507 77.6273282266398,12.8087510007856 77.6269476318864,12.8087759620283 77.6267317751455,12.8087499079359 77.6265839744422,12.8087627226311 77.6262722819174,12.8087897543187 77.6258916088563,12.8088076562884 77.625700146534,12.8088389734705 77.6256620446686,12.8088452095491 77.6252254725258,12.8088505387402 77.6249221037272,12.808866694475 77.6246035162954,12.8089534877851 77.624310205777,12.8090333933524 77.6240301786928,12.8091209440023 77.6237930372191,12.8091762847626 77.6233950764626,12.8093367133564 77.6232659102464,12.8093887847467 77.6232631385311,12.8093898993777 77.6233222652282,12.8096259615223 77.6232569434323,12.8096754676066 77.6231828622021,12.8097316176942 77.6229159626988,12.8099339070406 77.6227557245619,12.8100553541565 77.6224225134786,12.8103134034634 77.6224176387911,12.8103171756026 77.6218296605681,12.8109675042047 77.6215121662404,12.8113273476403 77.6205225547559,12.8117002391521 77.6204118603549,12.8115795210244 77.6202619558963,12.8114160416206 77.6202426130438,12.8113949498113 77.6200283081757,12.8110022983158 77.6199894162204,12.8109310382074 77.6199325136173,12.8108451233008 77.6198884888358,12.8107786531461 77.619744750643,12.810561626709 77.6196270434844,12.8103839032885 77.619484739842,12.8101690432852 77.6193925290272,12.8100363453562 77.61929161032,12.8098911086228 77.6192877729034,12.8097535460358 77.6190446149028,12.8093443826826 77.619654977484,12.8089897538376 77.6195978667419,12.8088617483451 77.6195487651837,12.8086519898236 77.6195254140992,12.8085522503142 77.6194999993458,12.8084436919194 77.6194736526584,12.808331153259 77.6194454493138,12.8082106701911 77.6194142504062,12.8080773925993 77.6193899846264,12.8079737327562 77.6193870975405,12.8079614043409 77.6193957058784,12.8076870075 77.619406569519,12.80743928456 77.619405663902,12.8072545006297 77.619405111858,12.8071417861508 77.6194043775665,12.8069918216356 77.6194032172392,12.8067545587685 77.6194096071648,12.8066522543777 77.6194000604673,12.8063874881984 77.6194002058002,12.8063844477671 77.6194117258676,12.806145039647 77.6193912446792,12.8059528322315 77.6193866765249,12.8059130563473 77.6193884703341,12.8047879409388 77.6193936133436,12.8046365603185 77.6189459602788,12.804818660894 77.6186644614841,12.8048477807551 77.6185538893784,12.8048272354288 77.6184275965043,12.8048037704357 77.6183955646285,12.8047978191194 77.6179458197308,12.8044572699545 77.6176598232336,12.8043901710032 77.6173461688635,12.804407282032 77.6169371281493,12.8041665641756 77.6162413033619,12.803781827321 77.6158416941146,12.8030724281471 77.6155253767557,12.802867138413 77.6149742379275,12.802773922129 77.6146583307422,12.8026590591818 77.6146455399369,12.8026596186988 77.6144766330164,12.8026670109561 77.6142280002236,12.8026300029725 77.6138792797783,12.802646622772 77.6138873448263,12.8027781354699 77.6140148121824,12.8027768699094 77.6142045739773,12.8029526491223 77.6134987086438,12.8028280504543 77.6134740490891,12.8027460040619 77.6134428055725,12.8026420538797 77.6133923053477,12.8024740202387 77.613352806407,12.8023426113358 77.6135954254104,12.801904772794 77.6137073460363,12.801702796483 77.6137593581593,12.8016089361976 77.6138212076237,12.8014973178337 77.6141519678495,12.8010400439916 77.6145432402473,12.8005953311578 77.6156435461678,12.800591059906 77.6157390162861,12.8000900674895 77.6154437651348,12.800086420298 77.6151204553194,12.7999645421604 77.6139063796467,12.7999963335523 77.6132819348699,12.7998088586282 77.6128638240061,12.7996833296492 77.6123431733112,12.7995270140185 77.6123521230168,12.7984702753853 77.6123834837686,12.798140214094 77.612105318999,12.7978705776474 77.6121869838786,12.7962190133931 77.6122281588055,12.7951348490297 77.6124103904864,12.7945022060145 77.6124489923496,12.7943681972986 77.6124542785775,12.7936421886843 77.612457467269,12.7932043209664 77.6124695812169,12.7929322679234 77.6124772049146,12.7927610645587 77.6124862332981,12.7925582869677 77.6124902740319,12.7924675625042 77.6124483295418,12.7920682963272 77.6124767810371,12.7915796159309 77.6117195461637,12.7911761770957 77.6110892345318,12.7909232640785 77.6102749602623,12.7907972543726 77.6098527633862,12.7907423467391 77.609726807526,12.7907259661021 77.6096985691622,12.7907078660049 77.6096703402748,12.7906897704356 77.6095626858228,12.7906512045553 77.6090665555566,12.7904702589026 77.6088570677751,12.7904385384248 77.6074491042614,12.7900704715906 77.6069783237248,12.7897638685096 77.6069636597891,12.7897370995539 77.606948998237,12.789710332886 77.6066232630008,12.7891156644176 77.6056437346428,12.7885547347184 77.6050734457637,12.7882824084348 77.604394304674,12.7879581006635 77.6039692542961,12.7878439774817 77.6039209287649,12.7869432760544 77.603133765511,12.7863762755148 77.6021031813314,12.7855517872607 77.6021010379102,12.7855502750283 77.6017063036701,12.7852716873012 77.600657457032,12.7845319767237 77.6004657190402,12.784396750941 77.6002405914561,12.784300362576 77.5995123999804,12.7839885864219 77.5985598232211,12.7819071187769 77.5982044521074,12.7811434167485 77.596808883467,12.780763099296 77.5952142625789,12.780318475035 77.5948610941246,12.7803097317525 77.5944537184981,12.7800309098817 77.5939700240804,12.7796998534976 77.592964126491,12.7790286703932 77.5922158911733,12.7785341847271 77.592216387457,12.7797768388918 77.5922047657374,12.7806029246604 77.5922022647546,12.7807806619324 77.5918136971189,12.7811658080517 77.5911459900646,12.7818276324938 77.5908830740417,12.7820376185507 77.5903145961123,12.7824916537407 77.5892425618895,12.7833478617504 77.588255926863,12.7841427454766 77.5880717712762,12.7842252040183 77.5866749204007,12.7848506591785 77.5847992258325,12.7857018436712 77.5845819613509,12.7857825201359 77.5833204576988,12.7862509494079 77.5823149681836,12.786656070211 77.58186860241,12.786835910901 77.5815479027645,12.7869651202574 77.5812826867623,12.7870719735366 77.5813810328497,12.7872427942846 77.5813540811602,12.787262983352 77.5806256281066,12.7878083908701 77.5798073537486,12.7882170018802 77.5785651090446,12.7873405981954 77.5776273388818,12.7867088046548 77.577331086972,12.7864980476651 77.5772581469599,12.7864049610181 77.576772037905,12.7857846084818 77.5761545029409,12.7850428515657 77.5759212374391,12.7848004939545 77.5757112624156,12.7845823321955 77.5755133412215,12.7843766944829 77.5751286386805,12.7839769918298 77.5747159171398,12.7835590545716 77.5738888113096,12.7827470506509 77.5735752025436,12.7824349694004 77.5729705827108,12.7818907044344 77.5727717586796,12.7817115941593 77.5724480856804,12.7814200040177 77.5723700849961,12.7813497325171 77.5718005033829,12.7805006645883 77.5714006638913,12.779881528452 77.5712915146607,12.7793217455161 77.5710529527272,12.7783519353805 77.5709903437906,12.7781668624794 77.5709969232814,12.7779088452546 77.5710092580444,12.7774249930069 77.5710215354337,12.7769433755334 77.5710459258491,12.7755881565864 77.5710403064977,12.775032704337 77.5710556224765,12.7738588093292 77.5710446643784,12.773314092137 77.571057112692,12.7729293886538 77.5712319044322,12.7724416173301 77.5712946065505,12.7721792786145 77.5715544382377,12.7713823375531 77.5716976897767,12.7710070425791 77.5718009615966,12.7704052851563 77.5718849056202,12.7700893240071 77.5719428077462,12.7698911260217 77.5719635412617,12.769782055432 77.5720048606656,12.7695646974399 77.5720606015842,12.7691528656563 77.5721588814658,12.7686391311329 77.5721637307193,12.7685277614071 77.5721677210448,12.7684360732196 77.5720328150081,12.7674986080399 77.5718805855144,12.7669816155389 77.5717395450708,12.766502620477 77.571518069708,12.7656576563632 77.571212563135,12.7645282535739 77.5710588239991,12.7639066777929 77.5710389048184,12.76389003645 77.5698010603762,12.7628559795924 77.5690500764779,12.7625833289874 77.5679734311547,12.7622092206962 77.5679476680363,12.7621943959789 77.5673708693344,12.7618625457585 77.5666142192573,12.7613571220559 77.5657195359995,12.7617450572039 77.5647511694295,12.7622134578696 77.5637706439316,12.7627304167693 77.5630933977592,12.7630788434012 77.5630231343773,12.7631481692071 77.5624127174655,12.7637504405746 77.5615714402229,12.7645758467701 77.5604749063391,12.7656573062368 77.5600164397531,12.7660997537121 77.5593075996327,12.7668641963563 77.5589797312866,12.7671453807364 77.5585147335146,12.7675441648224 77.5581358885422,12.7678690656811 77.5581531008553,12.7690386753205 77.5581526577883,12.7701268020517 77.558151386998,12.7710829337134 77.5581449187147,12.7713979205226 77.5581409608574,12.7714099604265 77.5578687939667,12.7722378877358 77.5575568982657,12.7731756664845 77.5570482022854,12.7747065020934 77.5564542820692,12.7763816895262 77.5563672686833,12.776698886536 77.5562140974966,12.777257243661 77.5560584936494,12.777824473463 77.5560227551217,12.7779547506157 77.5557824737238,12.7784324690156 77.5552327805168,12.7796166419444 77.5552285041432,12.7797429992231 77.5552182626858,12.7800457069381 77.5552082459282,12.7803416981724 77.5551949946836,12.7807333746847 77.5551710764108,12.7816025892881 77.5552387532798,12.7829159335509 77.5552638855366,12.7832501352483 77.5562685132654,12.784036278095 77.5569491398737,12.7845584810769 77.5580596662256,12.7847153777677 77.559946844605,12.7849801577193 77.5604685534084,12.7850513813175 77.5612010614934,12.7858561652994 77.5615812555879,12.7862904690527 77.5619924392143,12.7874766861257 77.5620047057744,12.7874779037338 77.5620292412275,12.7874803366127 77.5622533383628,12.7875582784289 77.5626027009556,12.7879078214656 77.5610245555562,12.7877978374854 77.559335984662,12.7881925933866 77.5589988432604,12.7882530320272 77.5583356228598,12.7883719249725 77.5574198168546,12.788536092683 77.5568083019258,12.7886827228863 77.5559610175245,12.788885884733 77.5548032413006,12.7891798141854 77.5537727730666,12.789427799645 77.5537742568323,12.7899990400961 77.5537747636387,12.7901932388784 77.5537771610307,12.7911152402397 77.5538258600314,12.7914135374615 77.5538567380009,12.7916026680685 77.553874954974,12.791766856646 77.5539242489313,12.7922111234121 77.5539730765353,12.7926511690071 77.5541134089819,12.7935984125935 77.5541389389076,12.7938857259361 77.5541765859813,12.7943094420554 77.5544530290594,12.7958079732121 77.5546822338502,12.7969015363729 77.5552182993371,12.7981873106918 77.5552384412463,12.7982684130568 77.5554647653626,12.7991796247222 77.5548852572502,12.7992601268987 77.5547563439665,12.7992780348786 77.5543396948996,12.7993064865799 77.5538728985955,12.79929880869 77.5537515220467,12.7996051105762 77.5530282426318,12.7997858442166 77.5527341345492,12.7996239277031 77.5525624299268,12.7998757953871 77.5511352145166,12.8002801843393 77.5507878069693,12.8003872920287 77.5495735064772,12.8006876517909 77.5492133436157,12.8007643694557 77.5481698242078,12.8009575442521 77.5474928084306,12.8010861439674 77.54680259629,12.800806158063 77.5463773874385,12.8006027849944 77.5458961837895,12.8003999524757 77.5454045153506,12.8000868324454 77.5449888600163,12.7998221211382 77.5447980841827,12.7997006271436 77.5443911204062,12.7994543523642 77.5435074020685,12.7988282268411 77.5425770905491,12.7981331903542 77.542621333911,12.7977528112607 77.5426358212441,12.7976282488412 77.5426687580182,12.7973450768449 77.5427261671107,12.7968347844906 77.5427816015931,12.7961568674503 77.5429151540305,12.7951820015066 77.5429328270322,12.7944617297119 77.5428393355801,12.7945739775467 77.5421949600142,12.7953476176959 77.5412980590924,12.7965096522668 77.5408599863518,12.7965281998372 77.5402506094435,12.7969556552608 77.5397707123794,12.7974479917658 77.5397676914448,12.7974510901227 77.5398077838121,12.7993087168282 77.539813813783,12.7999109117257 77.5397643667908,12.800246514864 77.539713328665,12.8005929161247 77.5396408582147,12.8010918289865 77.5396402884278,12.8011027097678 77.5395796155438,12.8022619592756 77.5393970739821,12.8032430415189 77.5393951731476,12.8032532690222 77.5392409659513,12.8039876679058 77.5391961020899,12.8043385383663 77.5391458327017,12.8055183141929 77.5392276164045,12.8058061413294 77.5392857747786,12.8060108114164 77.5393009431427,12.8062997459883 77.5397213771223,12.8083200370149 77.5397908296661,12.8088710455324 77.5398903957243,12.8096609639351 77.5399306097043,12.8099492078033 77.5401176344486,12.8112897312629 77.5401919726054,12.8118225658818 77.5404031044436,12.8133582983849 77.5404031917579,12.8133590145419 77.5356856671526,12.8164248056106 77.5346630276881,12.8159219867487 77.5337212539027,12.8154589227024 77.531903051204,12.8145649115195 77.5314399015056,12.8143371749673 77.5301923642091,12.8137237447361 77.5299877483362,12.8135917852334 77.5300123940109,12.8135624886916 77.5300181262485,12.8135556728998 77.5300694860686,12.8135161114424 77.5301293896978,12.8134914300904 77.5301842494215,12.8134832536617 77.5302290576704,12.8134857624404 77.530275640198,12.8134974294997 77.5303215972557,12.8135196263506 77.5303670346351,12.8135556293821 77.5303695832843,12.8135587828204 77.5304009755274,12.8135975715377 77.5311008297546,12.8132725099107 77.5326374388665,12.8125587958745 77.5317732205358,12.810407468231 77.5281970984607,12.8106862019854 77.5276510292187,12.8102112015919 77.5274303549727,12.8096235415083 77.5256068244662,12.8089418945957 77.5253580851512,12.8089864092592 77.5253314341002,12.8089824115229 77.5245663899761,12.8088676266083 77.5244213424843,12.8089701161472 77.524198374838,12.8090143848538 77.5237120912748,12.8089877962668 77.5236739437083,12.8089857150038 77.5233393694649,12.8090394746194 77.5233718933093,12.8088538021161 77.5232208859358,12.8083581500107 77.5228277620732,12.808572555179 77.5225360654851,12.8086174789754 77.5224342537131,12.808655565824 77.5223049267328,12.8087039475396 77.5221378733201,12.8088482334164 77.5221175036944,12.8088658288288 77.5219934072335,12.8093472664065 77.5216325519457,12.8093507243576 77.5215861436355,12.8093676093747 77.5214185129433,12.8094286070636 77.5212109990936,12.8096840952088 77.5212044075527,12.8096922119994 77.5209231251213,12.8097282360974 77.52123323653,12.8099535079282 77.52129073658,12.8105511629176 77.5214245479538,12.8110422004472 77.5210758049924,12.8113994094895 77.5211042304912,12.8116684367758 77.5211042487595,12.8116686146967 77.5209227634285,12.8117102586203 77.5204782901643,12.8118119051836 77.5205164731458,12.8120733961315 77.5205164859183,12.8120734954654 77.5199022761979,12.8121586175451 77.5199592453586,12.8125080146181 77.5200522074638,12.8128920616196 77.5201636598166,12.81311426642 77.519981733279,12.813373054917 77.5195724629745,12.813955236821 77.5192036401018,12.8145186755901 77.5191988155662,12.8149299065786 77.519067365465,12.8151586266244 77.5187439798678,12.8158091192707 77.5185689157679,12.8161344935756 77.5185760599607,12.816160603006 77.5187589265707,12.816828963321 77.5187909449119,12.816945985105 77.5187581524102,12.8170426445686 77.5185906793169,12.8175362888919 77.5184745460687,12.8178786033144 77.518184856655,12.8180678278055 77.5181619848327,12.818882083262 77.5181852069142,12.8197691804511 77.5181865690717,12.8198213079789 77.5154209738759,12.8203947673547 77.5154975290086,12.8215730228292 77.5153632369108,12.8218517473791 77.5150863408808,12.8219040158135 77.5150773028712,12.8219064938522 77.5150213824173,12.8219218292916 77.5143898718706,12.8218978842706 77.5142374395882,12.8221270698472 77.5141945277514,12.8221915880815 77.5139025731775,12.8227391361299 77.5133721937346,12.8227823197294 77.5124490327791,12.8228574810477 77.5122781420284,12.8228713981578 77.5115466699617,12.8230826688574 77.5109082643883,12.8236821633406 77.5107346694892,12.8241702092231 77.5110598331289,12.8260105355199 77.5103962546856,12.8260314502596 77.5099337474971,12.8251947509944 77.5098234661222,12.8249952364263 77.5092839595394,12.8256122854138 77.5090837577812,12.825841261353 77.5087705719764,12.8261994578203 77.508454879898,12.8265605205999 77.5079025914254,12.8269677545812 77.5077153366673,12.8271058251799 77.507496106209,12.8272674760102 77.505212113353,12.8291305495126 77.5042003011276,12.8288549314214 77.504192795318,12.8288457904268 77.5030689844827,12.8274773797248 77.502797493601,12.8270264488677 77.5026925089269,12.8268520728227 77.5025176998349,12.8264491677472 77.5024862958224,12.8264311874004 77.4993952599888,12.8246613596187 77.4989679273016,12.826786035086 77.4984484364675,12.8268439106995 77.4979308824886,12.8269299435168 77.4978686420077,12.8269048842002 77.4972743440724,12.8266660666923 77.4969666967297,12.8265424399313 77.496620720356,12.8264034092989 77.4963757605281,12.8263049713044 77.4961180268112,12.8262013992804 77.49570008074,12.8260334446486 77.4954204390233,12.8259210685027 77.4945321750201,12.8255641098818 77.4941135426945,12.82532059161 77.4933391216794,12.8253767537769 77.4909633410987,12.8238376433402 77.490881375008,12.8237037558717 77.4906426231378,12.8233137592705 77.4906019618554,12.8232071482364 77.4901489274475,12.8220193166434 77.4899047493885,12.8213581243529 77.4898596336422,12.8212313328472 77.489797763209,12.8210574549679 77.4892174314389,12.8194265219294 77.4883686230462,12.8193166782926 77.4882159634826,12.819296926544 77.4874482216897,12.819197572368 77.4872970872284,12.8191792674422 77.4861909515346,12.8190452831432 77.4854192727899,12.818953486445 77.4853925065421,12.8189520416701 77.4853924146045,12.818952040226 77.4853923226896,12.8189520410946 77.4801779576203,12.8189922017437 77.4798303965699,12.8189948848698 77.4792001244985,12.8178576519883 77.4788959987187,12.8173395566349 77.4783657335645,12.8164362052877 77.4780455472659,12.8158907395172 77.4777001745525,12.8152769552082 77.4772802818905,12.8145307284021 77.4772400043923,12.8144182584984 77.4768829440705,12.8134212179762 77.4768725449364,12.8133927502619 77.4767383367569,12.8130253021192 77.476580855865,12.8125941390969 77.4764601621711,12.8122636895039 77.476063895692,12.8111787351194 77.475059112794,12.8104345450703 77.473650660797,12.8093796793527 77.4735540929571,12.8106400955969 77.4735384678228,12.8108440534407 77.4734994297831,12.8113535881475 77.4716901162144,12.8109848184426 77.4711213461367,12.8108723631023 77.470460253131,12.8107416538165 77.4702601789802,12.8107020967076 77.4698175684351,12.8106145795108 77.4696756228965,12.8105865132805 77.4687862958624,12.8104549506706 77.4674123126929,12.809862459633 77.4663148917442,12.8093982625792 77.4644639054855,12.8094087005791 77.4644344876141,12.8094088696618 77.4636992291723,12.8105732687702 77.463622853641,12.8106942172585 77.4634827273616,12.8108743931671 77.4630536951202,12.8113201235626 77.4627282203124,12.8116698442728 77.4624675705405,12.81196299665 77.4619666185969,12.8125264081491 77.4618743633951,12.8126090994101 77.4616962131056,12.8127687762528 77.4615223526726,12.8129246079433 77.4613181323493,12.8131137605809 77.4608338903456,12.8135622672412 77.4607240873028,12.813663968931 77.4598768703432,12.8140672236181 77.4596195805024,12.8141896871607 77.4593774383226,12.8143181638663 77.4591070886655,12.8144616080144 77.4588679662175,12.8145884855599 77.4587563588769,12.8146476991872 77.4583616467141,12.8152404068423 77.4575294059938,12.8165120140914 77.4571131998207,12.817192236417 77.4571011092808,12.8172280649541 77.4570962641267,12.8173758900901 77.4570927013074,12.817484605998 77.457089474441,12.8175830026265 77.4570866532967,12.8176690392261 77.4570828796988,12.8177842104729 77.4571438938679,12.8181082889303 77.4572946824348,12.8190313125553 77.4572621849503,12.8191216048495 77.4571242848968,12.8192085357706 77.4569732285214,12.8192462386156 77.4562552080174,12.8194254637407 77.4560637143967,12.819475407359 77.4559325338774,12.8195096210115 77.4558209287188,12.8195387296566 77.4556088555225,12.8195940394199 77.4554248428129,12.8196420299467 77.4553330691517,12.8201601909371 77.455223512946,12.820380247034 77.4550197358774,12.8207895543622 77.4548470783046,12.8209525215793 77.4547189936775,12.8210890671181 77.4545484814759,12.8212530920523 77.454537315959,12.8212472540815 77.4543456094846,12.8211470338636 77.454178307585,12.8208638485974 77.4540418992801,12.8209548676441 77.4539763344443,12.8209986154222 77.4541829068052,12.8213383813593 77.4542406032418,12.8215294990221 77.4542417551878,12.8215333209772 77.4543230123073,12.821811646966 77.4544088507408,12.821985059226 77.4544845868616,12.8221380513959 77.4545007309049,12.8221706672048 77.4549609831378,12.8227168757511 77.4549250297551,12.8230019557713 77.4548106289871,12.8232079568813 77.4548742574634,12.8233932848158 77.454913474753,12.8235075158061 77.4549600488881,12.8236431662134 77.4556304841076,12.8239026682126 77.4557484470948,12.8240960164258 77.455797014422,12.8241756262059 77.4558665588309,12.824289612971 77.4558941833308,12.8244491580002 77.4559075773727,12.8245265172943 77.4560082353555,12.8249242172181 77.456126043297,12.8250939643422 77.456088845932,12.825308256202 77.4560574839993,12.8254889452599 77.4560435341173,12.8255693078974 77.4560583709604,12.8261006934844 77.456107180978,12.8261870340953 77.4561520530463,12.8262664099277 77.4561960330002,12.8263442096539 77.4562544890793,12.8264476135567 77.4563147991141,12.8265542985015 77.4564113355754,12.8267250652285 77.4564920218114,12.8268677980069 77.456552924465,12.8269755320652 77.4565751374945,12.8272695587568 77.4565608158453,12.8277698402672 77.4565599166193,12.8278012897623 77.4562288584327,12.8278262791234 77.4562870201877,12.8280455109665 77.4562262504015,12.8282795983913 77.4557319673963,12.8285932784903 77.4551111075789,12.8286580501468 77.4550811949933,12.8286611723109 77.4550633142909,12.8289841376246 77.4542033491791,12.8291501367025 77.4539085836224,12.8290744564561 77.4538362173347,12.8295742999714 77.4537211344109,12.8301115787653 77.4537853032678,12.8302277371738 77.4538452645787,12.8306323939747 77.4537582877244,12.8305308333821 77.4536800131425,12.8304394336278 77.4535732239975,12.8303147355699 77.453553858047,12.8303356967428 77.4534749598239,12.8304211161204 77.4534108017843,12.8304905789777 77.4534354442763,12.8306360148972 77.4534912547926,12.8309653702743 77.4536400576118,12.8309895884664 77.4536416411046,12.8310014441986 77.4537205341922,12.8315919018405 77.4537093917458,12.8316254362532 77.4536429886253,12.8318253270185 77.4535995938856,12.8319559471272 77.4537154539369,12.8324069995536 77.4535593280663,12.8324996075428 77.4531008868453,12.8327034528494 77.4531870677283,12.8329224262786 77.452978687866,12.8330335937118 77.4531600875855,12.8334013086262 77.4532199010667,12.8335225547731 77.4532942062468,12.83396141939 77.4533713250259,12.8341899283476 77.4535322031903,12.834666612001 77.453726007679,12.8352730477295 77.4537733079507,12.8354861756857 77.4538123554994,12.8356621084087 77.4538368917861,12.8357726552367 77.4538758926788,12.8359483825074 77.453932661332,12.8362041714997 77.4532645080872,12.8365829302372 77.4532420422293,12.8368972161189 77.4532270632864,12.837106806364 77.4532222129855,12.837144561148 77.4531925880997,12.8373835065083 77.4531927183712,12.8373867296683 77.4531980596492,12.8375184073652 77.4532154970397,12.837909703246 77.4532270890494,12.8381698373136 77.453238184135,12.8384188341051 77.4532395072565,12.8384485489235 77.453254464413,12.8387202259839 77.4532545358601,12.8387215159923 77.4532546049502,12.8387228060226 77.4532565157512,12.8387574536882 77.4526915247715,12.8388902651673 77.4517183146172,12.8392828227227 77.4511115966888,12.8395845281441 77.4503513110005,12.8399592102011 77.4501735393773,12.8400201638896 77.4490115567018,12.8404185775067 77.4486971523975,12.840468115233 77.4486522047267,12.840258151291 77.448200303239,12.8393857711361 77.4479658534362,12.8395492501913 77.4478238644497,12.8395824429581 77.4478142802911,12.8395846834317 77.4476978140993,12.8396023697955 77.447556293276,12.838810438373 77.4465894548818,12.8389778313294 77.4465888924426,12.8389779290913 77.4466347384218,12.839163036278 77.4462390148991,12.8389212781783 77.445909690792,12.8388892821292 77.4461069978031,12.8393222353493 77.4464706948513,12.8399499929353 77.4467444009889,12.8403810191699 77.4471018197314,12.8407248585512 77.446839956403,12.8408463283768 77.4470252123929,12.8411719330182 77.4467628686368,12.8412438132463 77.4460282208343,12.841513404448 77.4454060746759,12.8415960461504 77.4447387092635,12.8416320183839 77.4438645185566,12.8420731487186 77.4431613357618,12.8424126896838 77.4427482275573,12.8425430739289 77.4423348614038,12.8426468159066 77.4417994255004,12.8427716751534 77.4406943426791,12.8430612249661 77.4406662604198,12.8430685848139 77.4401974551947,12.84322287519 77.4398092574975,12.8433427259911 77.4393184894202,12.8434942421728 77.4386048331582,12.8437145714594 77.4376707362761,12.8440029562553 77.436530959341,12.8443607100544 77.4360895919383,12.8444988484674 77.4358450683481,12.844575378538 77.4349475000224,12.8448713634069 77.4343227792865,12.8451350577215 77.4340569890921,12.8448498647091 77.4336378408383,12.8454489058925 77.4353911516297,12.8475903137363 77.4367449035392,12.8492672789237 77.4372388230433,12.8499048767794 77.4374620415324,12.8501930232894 77.4363236679181,12.8504587888337 77.4350960714011,12.8507453812743 77.434314159944,12.8508690695484 77.4333400307325,12.8510231602295 77.4329096345606,12.8510912396024 77.4324485579491,12.8511193183164 77.4322385406256,12.8511029919922 77.4321401895083,12.8510953453204 77.4321124187109,12.8510930722425 77.4320846691504,12.8510908012777 77.4317157991823,12.8510811420894 77.4294749586568,12.8510224416925 77.4288912631405,12.851007152893 77.428684719262,12.8510071310733 77.427418974471,12.8510069780341 77.4280078939184,12.8519203269804 77.4286598042528,12.8538621663411 77.4293773584836,12.8560943765203 77.4292939434525,12.8563929203822 77.4290990608637,12.8565444413961 77.4282756687267,12.856945480827 77.4281688962707,12.8570319236437 77.4281254236509,12.8570671194012 77.429907408327,12.8586184787824 77.4323393048018,12.8613003253288</coordinates></LinearRing></outerBoundaryIs></Polygon><Polygon><outerBoundaryIs><LinearRing><coordinates>77.5344088805586,12.9183794700149 77.5316895618661,12.9179949666328 77.5317111827813,12.9179980239664 77.5344088805586,12.9183794700149</coordinates></LinearRing></outerBoundaryIs></Polygon><Polygon><outerBoundaryIs><LinearRing><coordinates>77.5325745615351,12.9397145948077 77.5325097324633,12.939815875429 77.532672191824,12.9395620711003 77.5325745615351,12.9397145948077</coordinates></LinearRing></outerBoundaryIs></Polygon></MultiGeometry>
  </Placemark>
  <Placemark>
	<Style><LineStyle><color>ff0000ff</color></LineStyle><PolyStyle><fill>0</fill></PolyStyle></Style>
	<ExtendedData><SchemaData schemaUrl="#fixed_geometriesbda">
		<SimpleData name="Names">EAST ZONE</SimpleData>
	</SchemaData></ExtendedData>
      <MultiGeometry><Polygon><outerBoundaryIs><LinearRing><coordinates>77.6820131703713,12.8278318106994 77.6816000936322,12.8290759456022 77.6802622037114,12.8335562969805 77.679179138083,12.8362264538175 77.6785855852767,12.8376815731225 77.6782425850366,12.8383573183081 77.6774021375678,12.8395012397113 77.6714243076101,12.8472108379807 77.6687792496318,12.8504794949029 77.6655333756587,12.8545310685294 77.6640834276738,12.8563608833986 77.663105434584,12.8575459764621 77.6627930030383,12.8579947763177 77.6619507923217,12.8590440241009 77.6637545578347,12.8602106167879 77.6637434900821,12.8605870104874 77.6639122559862,12.8609025508637 77.6639899360512,12.8611378601789 77.6640422132799,12.8618161100612 77.6642516129989,12.8624189817887 77.6647170096281,12.8623404718831 77.6648884271698,12.8629068369101 77.6650182752532,12.8630973452973 77.6652583002721,12.8637515529929 77.6661578401572,12.8657181328291 77.6663071740056,12.8660446084987 77.6663399971611,12.8661186454807 77.6664894222081,12.8663396705699 77.666972542424,12.8662330142012 77.6672792843732,12.8662320270393 77.6672858669301,12.8663289545822 77.6680188879227,12.8664131924145 77.6694443244745,12.8669423042457 77.6713069127707,12.8678746760994 77.6726448941025,12.8683197189646 77.6730230056352,12.8683015187893 77.6729597710265,12.8692750925862 77.6731322037401,12.8695505227361 77.6733357189146,12.8698756019408 77.6737466939247,12.8703921226788 77.6740245843745,12.8707524663536 77.6748827317887,12.871800903478 77.6752040689912,12.8722762571665 77.6754159704795,12.8725423373867 77.675503942235,12.8726497323152 77.6747450424414,12.8753024891502 77.674518522665,12.875563266166 77.6742927678643,12.8763250159034 77.6740729275178,12.8768269326099 77.6738347813057,12.8772593525076 77.6738078457005,12.8772947223537 77.6737081203686,12.8775098733287 77.67367528161,12.8776042783967 77.6735475673253,12.87779372107 77.6734482281562,12.8779994764554 77.6732594185002,12.8782780784851 77.6725745615426,12.878583879125 77.6718953690359,12.8805764160824 77.6721358430453,12.8805530454565 77.6742600837045,12.880183371285 77.6742716200002,12.8804559308908 77.6745286571248,12.8822185437157 77.6745526851438,12.8824934481355 77.6746155337267,12.883016474831 77.6746190009525,12.8831267447229 77.6746893790732,12.8834387978711 77.6747282340418,12.8836898783361 77.6747511341743,12.8838503423236 77.6743980955944,12.8842763989877 77.6740837339889,12.8843384776549 77.6728134486544,12.884558553565 77.6724939324066,12.8846204012396 77.6725546136257,12.8856814277501 77.6726767112063,12.8864240890413 77.673002860885,12.8878587753843 77.6732373164278,12.8890235989749 77.6735180407633,12.8903622575528 77.67372034829,12.8914869464367 77.6739362759282,12.8926986479319 77.6739657339458,12.8928273747767 77.673983678402,12.8929234914313 77.6740028517983,12.8930440140563 77.6742446869348,12.8936142948102 77.6751744773352,12.8934175413189 77.676986462374,12.8935703255464 77.6781532959119,12.8937505323386 77.6782611289663,12.8943882667039 77.6789531988945,12.8950640718955 77.6800994859177,12.8962198590035 77.6810110832415,12.8974771727259 77.6822481430858,12.8987201295051 77.6820482979699,12.8989314515119 77.6820284268754,12.8991739737347 77.6821728995879,12.8997749959439 77.6822037510752,12.900398998589 77.6821474385959,12.9005462655302 77.682104880713,12.9007669897731 77.6821558930223,12.9013392160429 77.6822493452462,12.901679704267 77.6824633549757,12.9017435948967 77.6827563038645,12.9018397171759 77.6830252707547,12.9017928986107 77.6834968707108,12.9019605026364 77.683628955448,12.9019095817172 77.6838256464014,12.902093085647 77.6839373221937,12.9020368671263 77.6850558219815,12.9020835752779 77.6852121198002,12.9023084267756 77.6857317291861,12.9024703684541 77.6873297394656,12.902484921802 77.6875074170952,12.9025636373079 77.6877674948371,12.9032610628352 77.6875732546305,12.9034055607948 77.6864915808115,12.903837980894 77.6857892004283,12.9043036734431 77.6876483861432,12.9045261869097 77.6876377811315,12.9053069409125 77.6876062248732,12.9064906203827 77.6880959161332,12.9065389591121 77.6883016714537,12.9065578132811 77.6886422850723,12.9065171356709 77.6890383422374,12.9063457792689 77.6890978055076,12.9060843708712 77.6891741823332,12.9054646107797 77.6903287724761,12.9055258383697 77.6905324988647,12.9055390873776 77.6907571489124,12.9055477890893 77.6911723015201,12.9055214842218 77.691277259201,12.9048375155083 77.6914006350999,12.9048252300471 77.691432544814,12.9046596859975 77.6914179015372,12.9043404199191 77.6915637276934,12.9043279032181 77.6915488486692,12.9039866144291 77.6926958439673,12.9041510282788 77.6928648314896,12.904204357612 77.6930474057221,12.9044778352722 77.6934630255623,12.9044955798087 77.6938648220242,12.9042711509049 77.6951092003524,12.9040931086168 77.6954140865843,12.9042551764689 77.6955803603896,12.9040552039518 77.6960184302379,12.9040727156576 77.6960869703872,12.9041821521103 77.6967381097255,12.904175433842 77.6968495488874,12.9040971830033 77.6974016559992,12.9042787266061 77.6975699361405,12.904265974843 77.6976627003025,12.9045403753416 77.7006695981413,12.9039317591797 77.7011620731578,12.9038081802268 77.7021438769851,12.9035993858065 77.7028387443951,12.9034667409182 77.7030549709605,12.9038449493285 77.7040844847766,12.9032643105257 77.7067114520882,12.9019849140383 77.7071130696411,12.9038645293677 77.7071969705965,12.9050513341597 77.7072336053547,12.9051860183317 77.7078004666713,12.9077794948461 77.7079679479144,12.9087387456663 77.7092301919273,12.9087337666245 77.7141763976714,12.9098213793196 77.7148114499814,12.9098944023391 77.7150391458691,12.9099250789409 77.7152836838391,12.9099555793674 77.7156569245133,12.9098867128567 77.7165197357698,12.9092991823103 77.7176899979303,12.9099459719681 77.7179706303634,12.9100185032454 77.7181301624791,12.9099755400697 77.7181343845081,12.909587249096 77.7196308952783,12.9093651594211 77.7197729414193,12.9100410467952 77.7203775695027,12.9098860605928 77.7202127647826,12.9094417066254 77.7208419328008,12.9092203801621 77.7212036295774,12.9091835681103 77.7216740700085,12.9090795405562 77.7230172263162,12.9086938214158 77.7239060615349,12.9083458716432 77.7242929285691,12.9083005347462 77.7255192689185,12.9080151460894 77.7265016190197,12.9077439896609 77.7270200213836,12.9094346776055 77.7272869515904,12.9102359156389 77.7274360134094,12.91088547835 77.7275498497548,12.9130821055076 77.727543178594,12.9154495900395 77.7277765660507,12.9154223705103 77.7281395098199,12.9152815516267 77.7286583972439,12.9151711924695 77.7297141868701,12.9152042149687 77.7315418634701,12.9149758361422 77.7320704767332,12.9150584166435 77.7324678405163,12.9154617772192 77.7331137453208,12.9154982695986 77.7340905588038,12.9154963037468 77.7341060482426,12.9153722342706 77.7342357377243,12.9149082897287 77.7357036010903,12.915148990425 77.7373777396188,12.9149992786764 77.7375268309379,12.9155252677403 77.7377115447115,12.9155233311637 77.737729983689,12.9154766717155 77.7378317997874,12.9152572175874 77.7379163954927,12.9151959268188 77.7380346990936,12.9151853918803 77.7387965279452,12.9150831822442 77.7402688623404,12.9151544708389 77.7410910909356,12.9152635516367 77.7420532913297,12.9148879256944 77.742356613814,12.9149033266154 77.7426392989833,12.9147640610361 77.7430551383564,12.9146729582209 77.7440711005606,12.9145941363416 77.7443367294933,12.9162996651327 77.7448544634594,12.9179652164282 77.7451954417808,12.9193714079523 77.7452888653204,12.919700841744 77.7454257529695,12.9198976520074 77.7456970035709,12.9200600066258 77.7459908248993,12.9202331387373 77.746710595317,12.9205609374411 77.7512979463176,12.9213732544634 77.7517554239465,12.9238679144252 77.752065610278,12.9252771665448 77.7525512628142,12.9253605306625 77.7546925338789,12.9258690376699 77.7570760413542,12.926522490131 77.7601869179586,12.9276698230856 77.76211897176,12.9282984950471 77.7624997557076,12.9284643170047 77.7628037710739,12.9285416351543 77.763626710263,12.9286365928138 77.7646813473714,12.9288024493632 77.7656792452286,12.932007962974 77.7656023437569,12.9332185004504 77.7659410004389,12.9339230391483 77.7663433923676,12.9349514589104 77.7660830388297,12.9357676549973 77.7658159850513,12.9362257857483 77.76571843814,12.9364681023506 77.7654997203779,12.9366575293346 77.7654939123496,12.9370258482817 77.7653092438879,12.9421027376673 77.7654284448938,12.9447274547298 77.7654768607629,12.9452560281593 77.7655692659834,12.9465847991237 77.7654106040438,12.9485633448776 77.764524952851,12.954943647156 77.7643824136992,12.9550186403427 77.764504339082,12.955092139079 77.7644597934744,12.9551618570811 77.7644138593652,12.955292444813 77.7644013427694,12.9554459075678 77.7644467760212,12.9556399275454 77.7643857775561,12.9557527361668 77.7644008095972,12.9558269190517 77.7644290359343,12.9559122560726 77.7643742353252,12.9559944720348 77.7642820097129,12.9562231245086 77.764255037806,12.9572130949246 77.7642275889072,12.9573016689363 77.764221962594,12.9576502085982 77.7642224042752,12.9581194904797 77.7643977238967,12.9581222745338 77.7643967803118,12.9584661186281 77.764698353034,12.9582784223627 77.7656997290228,12.9576205737972 77.7660321871573,12.9576960297066 77.7659617997096,12.9577571799359 77.7660710067946,12.9577792529792 77.7664834813,12.960516482161 77.7673089537021,12.960292073458 77.7690535049457,12.9603231031476 77.7702749539408,12.9610538680859 77.7703353849525,12.9613075367196 77.7698248537613,12.9627621336359 77.7698883818627,12.9631234367343 77.7702506621553,12.9629921763483 77.7703650870587,12.963354058365 77.7702614577614,12.9633806433009 77.7707124595772,12.9642230780351 77.7710129904606,12.964747807698 77.7712014167859,12.96504679236 77.771878514734,12.9659234458148 77.7719603691538,12.9658365771125 77.7731687181487,12.9658571435222 77.773448002216,12.966002271302 77.7735221763874,12.9661018126829 77.7736591955445,12.9661576835326 77.7738407129005,12.9661760936398 77.7744720481211,12.9668101204713 77.7758136446367,12.9675339535039 77.7763068288272,12.9678583464658 77.7769886655288,12.9680624798213 77.7770274265535,12.9682627269666 77.777258490577,12.9683426746857 77.7790759302704,12.9674991227453 77.7790197113283,12.9672777445433 77.7788326253872,12.9664326637497 77.7788361500777,12.9661650797277 77.7790873991925,12.9662322674558 77.779098543623,12.9661353896941 77.7790951375167,12.9654471497606 77.7791975041563,12.9654642693701 77.7792758580991,12.9653731093664 77.779328601995,12.9651039402473 77.7793634270831,12.9648941064419 77.7799558274661,12.9645077986351 77.7800255278392,12.9640927462433 77.7798887153725,12.9636062293329 77.7798203031273,12.9633254648271 77.7794339132482,12.9628341302795 77.7792451351427,12.9626741459587 77.7790080448039,12.9626539047033 77.778565405737,12.9625259598166 77.7783421970872,12.9625009146764 77.7780601601703,12.9625544995806 77.7776426190703,12.9625545213132 77.7769926524694,12.9625341985633 77.7768307416936,12.9622169657717 77.7766971692243,12.9613635244064 77.7766971256852,12.9613634254343 77.7764321988247,12.9607586818821 77.7759775760361,12.9608369549206 77.7759609940573,12.9606041815014 77.7759290149713,12.9604553604886 77.7758970555964,12.96030661094 77.775754434403,12.9596428628968 77.7758893056297,12.9590500115898 77.7757775371116,12.9587120246057 77.7757064860749,12.9584971755293 77.7755395851696,12.9578041554671 77.7755213628174,12.9576855666937 77.7755095516351,12.9576086938373 77.7754803789842,12.9570533056495 77.7752969732646,12.9565272813545 77.7751945483009,12.9554479154781 77.7751759256142,12.9552516521807 77.7742172010783,12.9550117274529 77.7739520986695,12.9542832856255 77.7738435066361,12.9538681623152 77.7735861157205,12.9531033961672 77.7734909805607,12.9528126011431 77.7734171096416,12.9525796623526 77.7729825822594,12.9519240878074 77.7726551031927,12.9514122060323 77.7720861037744,12.9508971153817 77.7711292408097,12.9500182438767 77.770675172569,12.9496098756604 77.7704749145944,12.949415166233 77.7704664210553,12.9494056990327 77.7704494340046,12.949386766943 77.7713834834527,12.9492469148739 77.7723484535862,12.9491024293185 77.7723622599163,12.9490774415988 77.772376066193,12.9490524492545 77.7724489000205,12.9489206182731 77.7733000769551,12.948796874234 77.7740139703826,12.9486930871475 77.774150808791,12.9486051497877 77.7754280520367,12.9477843482482 77.775537626814,12.9477136351356 77.7756756726108,12.9476245465656 77.7773346016704,12.9465539440151 77.7778043620641,12.946141150474 77.7779041139836,12.9460534937374 77.779051642798,12.9452503511254 77.7798654165157,12.9449048739563 77.7801063247415,12.9448025965446 77.7805448228069,12.9446171743623 77.780892792842,12.9445833385642 77.7818561330447,12.9439836473693 77.7818832218128,12.9439667800443 77.7819103082964,12.9439499196791 77.7819262283484,12.9435380598524 77.7822052724984,12.943755986758 77.7824157208764,12.9433320069489 77.7818561878918,12.9427656269723 77.7815582443191,12.9425743026642 77.7810409947297,12.9422421413335 77.7803728437246,12.941825296211 77.7799545450025,12.941564329853 77.7802668931374,12.9409350680155 77.7808529532974,12.9409134238419 77.780875995671,12.9406309956796 77.7806716342912,12.9406126550867 77.7806534288049,12.94038710296 77.7803810222328,12.9403694857042 77.7803457496066,12.9400209853536 77.7799587619975,12.9400558944214 77.7798323962877,12.940934571163 77.7788905395752,12.9406558023179 77.7786611896233,12.9405879203266 77.7786954971249,12.9403771997575 77.7782485948941,12.9406744070807 77.7781142680908,12.9408348890674 77.7776490718298,12.9407156437041 77.7776470276403,12.9410895777455 77.7776438827325,12.9416648574928 77.7771823944009,12.9420871880086 77.77840714523,12.9425410191184 77.7767278588598,12.9426410057541 77.776702541685,12.9427182349772 77.7766428351758,12.9430238531136 77.7766328860067,12.9430242990565 77.7766129852852,12.9430251886542 77.7765084294063,12.9430298708228 77.7762224322006,12.9430593194464 77.7762300852257,12.9429232730551 77.7762532167924,12.9425121836271 77.7756192248238,12.9422971185281 77.7751859744706,12.9416723868733 77.7748382997625,12.9411705489516 77.7741036079282,12.9398987633624 77.7742986786713,12.9392620870874 77.7743568097703,12.9390801808353 77.7748557548774,12.9375188500595 77.7766801554325,12.9363056948511 77.7770490255538,12.9362271584593 77.7773827966271,12.9359251701796 77.7773692083804,12.9356801731405 77.7770053766268,12.9344665253392 77.776908514907,12.9341434181898 77.7768591099362,12.9339055594813 77.7768515320774,12.9338690844133 77.7768448801441,12.9337328666304 77.7767666179943,12.932130504829 77.7769500476648,12.9320006551611 77.7771781486355,12.9319769098291 77.7775590638477,12.9320048280735 77.7781455101354,12.931934630026 77.7783517212406,12.931898157719 77.7783516957924,12.9318958593823 77.7783498587487,12.9317299467614 77.7783441708179,12.9316993646464 77.7782002116894,12.9309254000781 77.7788510666632,12.9307799072872 77.7788182192285,12.9299042381889 77.7792344296087,12.9298166909694 77.7796086631324,12.9297278352813 77.7797966807377,12.9296496007537 77.7798905498578,12.9296105415916 77.7799124119726,12.9296014448664 77.779923343042,12.9295968976594 77.7802508913054,12.929513533641 77.7804902373649,12.9294072562189 77.780709611953,12.9292351818057 77.7810895456936,12.929126884919 77.7811220101402,12.9291176288231 77.7814295286283,12.9290860614959 77.7819280852235,12.9289298675424 77.7822349760616,12.9288417266657 77.781994278351,12.9279578960057 77.7816986170637,12.9271850808276 77.7816673197821,12.9271032753284 77.7815963428063,12.9267897478836 77.7815766534529,12.9267027843341 77.7815459283051,12.9265670711573 77.7814124062015,12.9257602373304 77.7810436190598,12.9254718432998 77.7809637200198,12.9250942022171 77.7808991806589,12.9247891618293 77.7808405748238,12.9245121709667 77.7807573778303,12.9243326379352 77.7805772948376,12.9239440276536 77.7805448852709,12.9238740967287 77.7804037976873,12.9236021076224 77.7802279669129,12.9232631444642 77.780073019362,12.9229644362898 77.7794728893816,12.9219001148288 77.7791996814802,12.9215541238303 77.7791542119372,12.9209228123091 77.7772416607751,12.9210275821803 77.777241300304,12.9210276022033 77.7764022853537,12.9210522092886 77.7756924430951,12.9210728084321 77.7754371021532,12.9209504920594 77.7747144701169,12.9210310347475 77.7745025420543,12.9210546550225 77.7744041114656,12.9210656265241 77.7742677863354,12.9210808210107 77.7740342148657,12.9211068539603 77.7738488324932,12.9211247803621 77.7734864253436,12.9211598247909 77.773210435598,12.9207225788808 77.77330865999,12.919845125802 77.7734691738155,12.9191014015269 77.7732021876028,12.9190173113428 77.7730232259117,12.9183087472845 77.7728436441331,12.9175953494149 77.7727577058085,12.9175647983433 77.7726728168826,12.9175633249643 77.7725704181687,12.917561542635 77.7724697879003,12.9171693113915 77.7722885708222,12.916746471922 77.7721770161873,12.9161330158687 77.7720114156856,12.915445805155 77.7716481602606,12.9146027185516 77.7713177717274,12.9138228411399 77.7712020816846,12.9135199175696 77.7711842058806,12.9132048490552 77.7711780687279,12.9131729207697 77.7711223340421,12.9130802676289 77.7711997977035,12.9128277348971 77.7711151167123,12.912469132484 77.7710148015912,12.9121701617563 77.7709884279184,12.9120915576296 77.7708247317878,12.9114179013372 77.7707059510148,12.9109526540351 77.7704920270895,12.9103340656416 77.7704345474468,12.9099728407865 77.7703054832515,12.9094523916799 77.7702029231486,12.9093695771749 77.7693988704011,12.9096603178691 77.7691219351201,12.9098267776356 77.7689663953268,12.9097345342021 77.7688169110791,12.9090607245773 77.7686130072777,12.908133594762 77.7685849699415,12.9080061145239 77.7684040891294,12.9070610865417 77.7683556663416,12.9068396686372 77.768282127927,12.9065034350509 77.7682096198624,12.9061719033667 77.7679790257305,12.9052274034173 77.7679259411271,12.9049215981654 77.7676720529182,12.9041908878466 77.7676284267168,12.9040054637618 77.7674301131702,12.9031625812536 77.7672056485434,12.902210547375 77.7669697350121,12.9012707678441 77.7669418322183,12.9011465231561 77.7667841052345,12.9004441776612 77.7666829770684,12.900004752349 77.7659585529307,12.899938425183 77.7658286746121,12.8999265325293 77.7649872114189,12.8998621739407 77.764549073032,12.8998286606748 77.7640658838957,12.8998150527317 77.763688541531,12.8998044272679 77.7634988894867,12.8997951263624 77.7626754960061,12.8997547325484 77.7612954261878,12.8990800357613 77.7607143229374,12.8987985604882 77.7607129596389,12.8987980591932 77.760187697199,12.8986057833125 77.7600863884775,12.8985699358381 77.7600855862283,12.8985696506179 77.760332278709,12.8984998257531 77.7610379181182,12.8983050119092 77.760997016087,12.8973326508299 77.7609450336208,12.8960968766754 77.7609352684968,12.8958647081354 77.7611646420222,12.894641591172 77.7612412965111,12.8936350908489 77.7613084656587,12.8935577055024 77.7614066458862,12.8934445903783 77.7618795552706,12.8930538804127 77.7619034981675,12.8929469396009 77.7619210332289,12.8927288505791 77.7619992635786,12.8917559510325 77.7624326557748,12.8915790339552 77.7624300700257,12.8904340419361 77.7624672425603,12.8900068999271 77.762518185276,12.8893087890976 77.7625083730055,12.8891775857177 77.7624973927168,12.8889397044084 77.7623594553811,12.8885768747642 77.762236773864,12.8880775587033 77.762211956588,12.887952202474 77.7618726381505,12.8862381828095 77.7618037548905,12.8858177586868 77.7617021675097,12.8851977254266 77.7616299829952,12.8847224968962 77.7614613118426,12.8846093816103 77.7610782713304,12.884150431347 77.7609053736617,12.8836516457105 77.7608375084594,12.8835702926008 77.7605169993603,12.8833520923167 77.7603146473624,12.8830893758206 77.7602430454797,12.8829257569523 77.760196602016,12.8828196302631 77.7601026437878,12.8826474895688 77.7600399492756,12.882527709946 77.7599514877767,12.882302392563 77.7598663047443,12.8820854211283 77.7598307127641,12.8820063034623 77.7595572048417,12.881398322732 77.7595124180422,12.8812987690267 77.7592138021091,12.8807975994965 77.7590016024844,12.8809213962409 77.7586980652729,12.8810984786297 77.7584724211951,12.8811336805337 77.7584293104507,12.8810192416659 77.7583438527733,12.8808437566607 77.7583309159926,12.8808171925662 77.7583179791897,12.8807906261583 77.7581691075969,12.8804346552718 77.7579643067884,12.8799449457676 77.7573442852563,12.8800469612858 77.7569081382659,12.880199921938 77.7567561744487,12.8801432350086 77.7565999053766,12.8801872715337 77.756570465265,12.8801913948988 77.7561087852259,12.8802560279212 77.7557834048341,12.879814127297 77.755056800728,12.8800973177101 77.7551644686774,12.8805518849108 77.7550188939156,12.8805852097038 77.7544842484317,12.8807113951818 77.7547605605081,12.8803791623014 77.7550329310681,12.8796862829913 77.7551803407288,12.8792691537025 77.7549954346442,12.8790992739069 77.7553538322154,12.8788747295363 77.7555647696976,12.8786559063419 77.7558558862701,12.8788022223404 77.7566991171112,12.878576744322 77.7569542884034,12.8782230111039 77.7570387745904,12.8776105157178 77.7570296727122,12.8774529064227 77.7570531975285,12.876817791241 77.7574729205963,12.8768805920544 77.7574716950021,12.8767685699667 77.7575351912878,12.8763048200893 77.7571449624636,12.8761520796975 77.7571110635354,12.8761411468613 77.7570771646346,12.8761302163324 77.7567585300378,12.8760274583208 77.7564721315835,12.8759350929881 77.756206044008,12.8758728839705 77.7560451750921,12.8757350876444 77.7556680550658,12.8755995645847 77.7556887410554,12.8754096407936 77.7553690216679,12.8753181519253 77.7553471313617,12.8748775907228 77.7553128640433,12.874866790982 77.7552785967523,12.8748559935483 77.7548047949547,12.8747270662038 77.7547986226907,12.8742444317008 77.7542463087696,12.8742223423476 77.7541324309874,12.8742179620971 77.7541259703369,12.8736265880938 77.7541972683109,12.8733803351899 77.7541104904061,12.872989980936 77.7540973205677,12.872842952102 77.7540944984211,12.8722076293837 77.7539929003736,12.8716672964582 77.7539361895966,12.8711193295772 77.7539515981988,12.8707095507551 77.7538795057083,12.8702137728646 77.7538315972955,12.8700070549063 77.7536164475806,12.8691902212444 77.75358802612,12.8690010701687 77.7530914322555,12.8681805540968 77.7528297615086,12.8676540818565 77.7526523926102,12.8670604323641 77.7515366841158,12.8671908369733 77.7512680542534,12.8672209363954 77.7512303598962,12.8672251594309 77.7509320823292,12.867283900738 77.7507294789543,12.8673600220641 77.7505602272669,12.8673566140834 77.7503962075855,12.86734796867 77.7500048700763,12.8670718469591 77.7490440394907,12.8668808719176 77.74800173094,12.8672723780274 77.7479504293015,12.867163874921 77.7478283285585,12.8669083171655 77.7478272268484,12.8669086594125 77.7468255888999,12.8672199472065 77.7465241146927,12.8666703344821 77.7467731347863,12.8663159465641 77.7465563253124,12.8662678818475 77.7466489804265,12.8662041273498 77.7473634491223,12.8657125246632 77.7480647510308,12.864995458271 77.7488852490578,12.8643980426661 77.749111160717,12.8643095053895 77.7501820995272,12.8638602488809 77.751107228206,12.8634627892101 77.7511351852372,12.8634531507867 77.7511354411599,12.8634530602239 77.7511356994392,12.8634529696363 77.7519019640256,12.8631887655207 77.751933489273,12.8631786802405 77.7521291657818,12.8631160996306 77.7524563105719,12.863017787911 77.7522066800976,12.8622736282032 77.7520168381372,12.8617713215032 77.7519579934451,12.8616156255397 77.7518520227075,12.8612936069575 77.7524051101628,12.8610077565582 77.7522986695351,12.8606426628643 77.7516202112411,12.8608424264623 77.7515399813584,12.860866047087 77.7514107285459,12.8604222050961 77.7516294746756,12.8603481025471 77.7516258800425,12.8601247651474 77.7516166860838,12.8595532180487 77.7516166793912,12.8595528203621 77.7528852483933,12.8592255068623 77.7534472791005,12.8590591033628 77.7539738164851,12.8589733258486 77.7555968337922,12.8585282715151 77.7562413449603,12.858341998337 77.7571603216419,12.8581099356983 77.757569775229,12.8580233338083 77.7578173457718,12.8579709713203 77.7581297478657,12.8579537870391 77.7585118012322,12.8578872163666 77.7588996267137,12.8578174440289 77.7589108777026,12.8578154224375 77.7596656583267,12.8577430202749 77.7601542200191,12.8577015480697 77.7605611122472,12.8576322641446 77.7611438558632,12.8578699052605 77.7615251096526,12.8578713084365 77.7619492509449,12.85775307656 77.7619904717653,12.8579855849682 77.7620842720629,12.8579737650271 77.7627639083577,12.8579774365969 77.7635476783314,12.8579041721308 77.7637566144465,12.8579665423775 77.7643685296063,12.8578409138541 77.7651403621317,12.8576865088206 77.7659588852346,12.8574486083964 77.7659654495086,12.8574467030161 77.7658904170222,12.8571058944371 77.7658870389137,12.8570905587837 77.765886734056,12.8570874724796 77.7658834426537,12.857054021983 77.7658624909289,12.856704981549 77.765851370638,12.8565197160833 77.7658780051026,12.8554059337693 77.7659084833821,12.8546580294031 77.7659112630277,12.8538691410545 77.7659040245275,12.8532083097853 77.7658821690167,12.8530595842034 77.7661845854819,12.852926378555 77.7669269378019,12.8526043497856 77.7672897657469,12.8524216632267 77.7673181886101,12.8523998824376 77.7677807898448,12.8518694277633 77.767967490538,12.8516427186225 77.7680643144896,12.8515251486629 77.7685730940744,12.8510647305528 77.7689302248033,12.8507328970099 77.7690940535007,12.8505578174119 77.7693835853447,12.8501447994833 77.769442208625,12.8500611708079 77.7697570943218,12.8495540434272 77.7700184598116,12.8491315244472 77.7700944344363,12.8479985158514 77.7701164469188,12.8473820854921 77.7701198905515,12.8472856105921 77.7697094942181,12.8466398708651 77.7696140387905,12.8465000326326 77.7697454306779,12.8463902978689 77.7695829719455,12.8461861575102 77.7692037501422,12.8453961474389 77.7686835025636,12.8442746917745 77.7686781884985,12.8442637610895 77.7680318426114,12.8429343484792 77.7670531922223,12.8432266711088 77.767018258877,12.8432405236419 77.7662802904508,12.8435331462268 77.7653045235911,12.8430356385969 77.7652273044656,12.8430136691666 77.7643936115774,12.8427765002687 77.7642527766884,12.8427364343756 77.7639534802342,12.8426512917054 77.7639288617933,12.8426411838984 77.7639042434044,12.8426310807133 77.7637575183187,12.842854731628 77.7635426664817,12.8429111668291 77.7631044208867,12.842747845092 77.7628633631641,12.8426515637655 77.7618204746638,12.8427708849215 77.7617809760145,12.8426954612817 77.7617850979267,12.8426687128868 77.7617892175074,12.842641966829 77.7610051965532,12.842688135393 77.7604808699304,12.8427369889882 77.7602753663122,12.8427725036398 77.7600521943197,12.8428110737676 77.7598467116953,12.8428465855723 77.759554636454,12.8429146660947 77.7595270159467,12.8429149541554 77.7594993954892,12.8429152468378 77.7592465814743,12.8430370852768 77.7590437802384,12.8431854821622 77.7590196809088,12.8431961511053 77.7587303783381,12.8433242095048 77.7581474148117,12.8435686953437 77.757020500969,12.8440706944015 77.7561554943225,12.844443718815 77.7562278314013,12.8446127107023 77.7555582233198,12.8448368541311 77.7554157943453,12.8448929553735 77.7551760989665,12.8449880425493 77.7547370340585,12.8451452996289 77.7538289920708,12.8454678149482 77.7534912592096,12.8455094622906 77.7525767845874,12.8455585580343 77.7521888242978,12.8455358568606 77.7521528884432,12.8455300777309 77.7517512007286,12.8454654847848 77.7511009857705,12.8454294663747 77.7502074410781,12.845396368653 77.7500246142602,12.8461586027833 77.7499773961432,12.846335789843 77.7498271521531,12.8470816196649 77.7495829003262,12.8482325472056 77.7495155357369,12.8485652235452 77.7491244126766,12.8493538251202 77.7487082826239,12.8502296055864 77.74844273128,12.8502216019649 77.7476579971462,12.8501979456339 77.7460049516624,12.8503726475339 77.7458778664448,12.8503660549007 77.7450873361873,12.8504023559131 77.7446974538732,12.8504081441295 77.7445356201014,12.8504105494517 77.7444546654758,12.8504117501577 77.7442012452474,12.8503381330576 77.7440247528979,12.8504911993496 77.7437161160784,12.8507588702982 77.7429175344825,12.8509464534145 77.7424797345581,12.8510730595165 77.7422437186033,12.8511708619026 77.7416839966966,12.851371300095 77.7415197550866,12.8514301159513 77.7407577921247,12.8516029356126 77.7402257325235,12.8517486258897 77.7403183431584,12.8521023936835 77.7393368150962,12.8526236476819 77.7386944094062,12.8528782277661 77.7385399585309,12.8529713646598 77.7383385413334,12.8530344821496 77.7382406312864,12.8527706301421 77.7382395436489,12.8527677022273 77.7376003454134,12.8530574413462 77.7373214952846,12.8531480602075 77.737027474864,12.8532731602151 77.7370014252585,12.8532793637706 77.735490339017,12.8536392907118 77.7354535906243,12.8536480431555 77.7349189552603,12.8538061555075 77.7345664318584,12.8539127936845 77.7340163768085,12.8540825077699 77.7331912682281,12.8543351670746 77.7325171412102,12.8545328653378 77.7318199435349,12.8547536829853 77.7308685934999,12.8550151850996 77.7308668122498,12.8550156754129 77.7305860355425,12.8551642820065 77.7305859722626,12.8551643150415 77.7304635185152,12.8552293245969 77.72997893811,12.8554865790301 77.7299508022556,12.8555015174702 77.7298461260433,12.8549818329375 77.7295853532853,12.854086681432 77.7293562831335,12.8536618509311 77.729233815951,12.8533265316263 77.7291259757223,12.8531569136151 77.7290187135264,12.8529882076105 77.7288885344974,12.8525788592649 77.7290053696334,12.8524659461462 77.7288297526738,12.8522112848395 77.7284672844138,12.8517654339826 77.7284384582311,12.8517299766723 77.7284195473129,12.8517067145379 77.7283176100644,12.8516374468351 77.7282280081855,12.8515390949589 77.7281079135603,12.8513500461742 77.7280372003337,12.8510487883856 77.7279568318824,12.8508510334292 77.7279544045438,12.8508427657498 77.7279013810533,12.850662260407 77.7278501412502,12.850487811645 77.7277735714112,12.8502070231014 77.72777264335,12.8502070743771 77.7271920342185,12.8502401885102 77.7266932508212,12.8502985831718 77.7264793146069,12.8503198923273 77.7262593713141,12.8503858133803 77.7258763569785,12.8504161752125 77.7254004326894,12.8504211197103 77.7251524861094,12.850457509998 77.7248770208983,12.850500950204 77.724739289376,12.8505226667247 77.724360362913,12.8505671832471 77.7237042809321,12.8506123428634 77.7234969001652,12.8506399481777 77.7232438230556,12.850642575311 77.7231082116374,12.850632526386 77.7228740762096,12.8506591393154 77.7224391624231,12.8506509266803 77.7221282975799,12.8507114214461 77.7217148832102,12.8508383799282 77.721359443283,12.8508279395961 77.7211181824486,12.8508016295276 77.7208103992617,12.8507577257709 77.7205272319233,12.8507700815686 77.7203541855579,12.8507530376003 77.720019321338,12.8508695401505 77.7198956560239,12.850979139685 77.7197577919732,12.8511077271074 77.7197245844819,12.8510969154122 77.7196913746113,12.8510861014244 77.719141007958,12.8509069004752 77.7190461015619,12.8510114954621 77.7191102387677,12.8511709526485 77.7188885194749,12.8511495395852 77.718891697815,12.850998801571 77.7187767734953,12.8510282502513 77.7186469890958,12.8510154675781 77.7186298289823,12.8509826770043 77.7186126712554,12.8509498887163 77.7184928957011,12.8509746767829 77.7181272456621,12.8509078225652 77.7179974106285,12.8508903316233 77.7178619136438,12.8507928347525 77.7177704873408,12.8507749434596 77.7180580098313,12.8497755626977 77.7186415782466,12.8498021933967 77.7190832216813,12.8490297116132 77.7196499041663,12.8474880310931 77.7200222538772,12.8464711919795 77.7201978073986,12.8457504832429 77.7203111079782,12.8454388798123 77.719802540868,12.844846869284 77.7198129348009,12.8440552797737 77.7198398029103,12.8437456382767 77.7205830014342,12.8439744915746 77.7208232340685,12.843984725328 77.7212555918225,12.8439986698924 77.7218169454163,12.8440571440844 77.7220968649393,12.8441369649807 77.7222141117935,12.8444245386802 77.7224060022868,12.8444084207554 77.7227376800355,12.8444426546938 77.7228458722861,12.8442343148226 77.7232609945619,12.844375784547 77.723426170065,12.8446476848994 77.7235582328432,12.8446412730735 77.7234213016,12.8441959476348 77.7228626800733,12.844138394524 77.7228312276719,12.8437802805927 77.7227448667588,12.8428072998681 77.7227144373078,12.842543857384 77.7226838575685,12.8422668900848 77.7225682220089,12.8420822032028 77.722551973381,12.8411765059504 77.7218795813849,12.8411599289972 77.7216295018435,12.8409088578115 77.7215592160606,12.8408382937697 77.7215284853732,12.8406596521871 77.721428068334,12.8406983699113 77.7213791988536,12.8406188144395 77.7214594974591,12.8404955348039 77.7212146473572,12.8404980727665 77.7211040721042,12.8404850888863 77.7210983086973,12.8403956673591 77.7211625314233,12.8401171410578 77.72102249102,12.8400432411497 77.7208296911963,12.8399745963498 77.7208156451268,12.8400077079677 77.7208015966979,12.84004081961 77.7205284614867,12.8405381501871 77.7199613868968,12.8404922212846 77.7198460619863,12.8404839968286 77.7197219888368,12.8404365857808 77.7197662009169,12.8402392771277 77.7198019356753,12.8401556719187 77.7200402161592,12.8395982077464 77.7201640537719,12.8392468091115 77.7203010872736,12.8389955479788 77.7203768680533,12.8388610901211 77.7204970550312,12.8386713936916 77.7207616006136,12.838334348337 77.7212201538603,12.8379951004583 77.7217884297788,12.8376581836477 77.7218830669727,12.8378329344716 77.7221040531632,12.8377482043982 77.7224964612128,12.8376263975499 77.7226077220882,12.8375915541539 77.7226830876143,12.8375679497681 77.7228153830459,12.8373687796617 77.7228583545836,12.8372841187156 77.7230369537362,12.8369285118128 77.723091958648,12.8367812444511 77.7232653665132,12.8363515681295 77.7232866711149,12.8362208684346 77.723291782245,12.8361895098714 77.7232968933746,12.8361581513082 77.7233051769397,12.8359099450637 77.7232959550846,12.8356937439207 77.7233285174971,12.8354422009235 77.7233410780049,12.835345156872 77.7233642344697,12.835237605535 77.7233868072206,12.8351327521091 77.7235160107407,12.835002013566 77.7236114243897,12.8348996354946 77.7236378331014,12.8347912132769 77.7236488604018,12.8347030284864 77.7235251937588,12.8346900491036 77.7233054274603,12.834652713135 77.723434674701,12.8342211822628 77.7234735960577,12.834099684426 77.7235541654854,12.8338481570794 77.7235617764418,12.8338243972183 77.7235655842761,12.8338125172634 77.7235398195323,12.8336071533332 77.7234088587514,12.8335234262754 77.7234172319957,12.8332946795627 77.7234534466279,12.8331347722107 77.7235230299761,12.833054287144 77.7237077550429,12.8325950498039 77.7238275371301,12.8323881166426 77.7234662912583,12.832252280919 77.7233450535756,12.8326307147424 77.723214093751,12.8329095187883 77.7231268858155,12.8329728536063 77.7227603800645,12.8331898183851 77.7227397926807,12.8332910666861 77.7228956367902,12.8334896108557 77.7227624063776,12.8338040754457 77.7225639816702,12.8341755297632 77.722399428793,12.8343953592341 77.7222411463457,12.834290645852 77.7219396728383,12.8343261072123 77.7217742331004,12.8343278216172 77.721514165197,12.8343324034945 77.7212817022493,12.8342686810375 77.7211302679843,12.834296837846 77.7210620216955,12.8342570258599 77.7210560562711,12.8341487702633 77.7210212256715,12.8340357236647 77.7212545945685,12.8338590542079 77.7211432116838,12.8337707268248 77.721011937111,12.8336523127341 77.7211026444234,12.8334307004959 77.7211628396378,12.8332836409966 77.7212800067102,12.8330257428918 77.7214401950472,12.8326731422912 77.7214138913058,12.832651001112 77.7213875876187,12.8326288645539 77.7211613509997,12.8325932307277 77.7211287038231,12.8325871630173 77.7210960566224,12.8325810929902 77.7209097455937,12.8325323191378 77.7212254534251,12.8319784451364 77.7211539068366,12.831456939471 77.7211159993775,12.8314480030936 77.7211155150337,12.8314478901678 77.721115030665,12.8314477749298 77.7210780895883,12.8314390690469 77.7208931280759,12.8313958266491 77.7206437586311,12.8313877735729 77.7205076658717,12.8313306880474 77.7202909229342,12.8313329324001 77.7203005661286,12.8311433081855 77.7202981842276,12.8309218021218 77.7202828303713,12.8306941030971 77.7203178674723,12.8303519498537 77.7203742363053,12.8301931289901 77.7203738152429,12.8295538594881 77.7203316322287,12.8289788962901 77.7203290284335,12.8289434202346 77.7203236919768,12.8289106782099 77.7203209569321,12.8289134099529 77.7202078940396,12.8290263044014 77.7199802779113,12.8288686149516 77.7194108545285,12.8290222422164 77.7193820184394,12.8290264628209 77.7193531729477,12.8290306858324 77.7190035843855,12.8290818575681 77.7188344936172,12.829114385655 77.7184333021811,12.8291554688372 77.7182452509488,12.8291758827463 77.7180761598959,12.8292084080641 77.7178881132559,12.829228821682 77.7178053499444,12.8291188763238 77.7172948106283,12.8292121256517 77.716455959102,12.8294054677413 77.7162888297247,12.8294894988589 77.7162387162938,12.8296293144013 77.7153873114285,12.8298227832537 77.7151746250676,12.8298865381926 77.7152397645398,12.8300784289043 77.7151691053131,12.8301394857827 77.7150789270348,12.830201583831 77.7145138822964,12.8303247455203 77.7143675757996,12.8303692623475 77.7141368486501,12.8304394655058 77.7140041504891,12.8303546569068 77.7133590881091,12.8303696541244 77.713293763988,12.8302388822701 77.7129683924693,12.8303284216332 77.7129170036733,12.8298308158005 77.7127873681346,12.8298379358174 77.7125806060949,12.8298645980674 77.7123542485479,12.8298238439813 77.712004459331,12.82995585555 77.7114250587474,12.8300549481807 77.7107799929498,12.8301785624867 77.7105667200374,12.8302311084509 77.7102665504811,12.8302804503863 77.7102311774329,12.8302808152743 77.7101958043836,12.8302811801575 77.7100796513566,12.830282378276 77.7099717789734,12.8302834909337 77.7095121266391,12.8303055738714 77.7093814922159,12.830315211757 77.7091729066145,12.8303306000624 77.7083121434439,12.8303240213699 77.7081354039936,12.8303374062512 77.7069838034706,12.8304331872169 77.7053985833529,12.8304042269849 77.7053758157602,12.8304228259716 77.7053530482135,12.8304414295817 77.7039428184552,12.8315935625059 77.7033765523295,12.83205618724 77.702232186577,12.8330186458502 77.7012873639541,12.8338995199563 77.700216392314,12.8347139864411 77.6998630524554,12.8351800435873 77.6993972529838,12.8355874886705 77.6987918025142,12.8361434171785 77.6982035744177,12.8366769526434 77.6974718932268,12.8373403699786 77.697360567092,12.8373839688879 77.6972363628446,12.8374326143848 77.6965353605637,12.8376215869412 77.6957067239067,12.837908159479 77.6954083969348,12.8380121524034 77.6949032978067,12.8381345366002 77.6943162376418,12.8383169529771 77.6940178075739,12.8384012210398 77.693466493403,12.8385218220541 77.6934384158003,12.838527965675 77.693410335839,12.8385341093174 77.6933223008152,12.8385533677664 77.6932927466252,12.8385613905095 77.693263171322,12.8385694227168 77.6929693967574,12.8386491947382 77.692942639142,12.8386564625944 77.6929158814999,12.8386637281358 77.6925283005323,12.8387489112616 77.6918316437894,12.8389059643491 77.6917100256073,12.8389367274159 77.6906224223364,12.8391932232803 77.6904495961235,12.8393098889199 77.6888919709257,12.8401993193279 77.6888658036329,12.8402151445219 77.6888396339798,12.840230969738 77.6877782349476,12.8408728727847 77.6870440537656,12.8413051671495 77.687151785703,12.8418537754287 77.6871720820372,12.8427131395478 77.6870991411576,12.842619166837 77.6864338608087,12.8417620767052 77.6863980528892,12.840886568807 77.6861269058252,12.840061449278 77.685796963911,12.8392160957813 77.6853994821715,12.8381974578361 77.6851140809473,12.8374279832197 77.685041407291,12.8372197706708 77.6848131076102,12.8365656959296 77.6845522558221,12.8355414284386 77.684500966356,12.8353400413153 77.684407584702,12.8347634667965 77.6843433872385,12.8338710314376 77.684316864926,12.8332087161004 77.6842988634326,12.8327592055831 77.6841362306291,12.8316311974132 77.6840987013689,12.8313709000325 77.6838792535991,12.8305589579919 77.6838614146229,12.8304349479928 77.6837607135046,12.8297348285267 77.6837557797862,12.8297005197063 77.6837508437135,12.8296662109096 77.6836613178596,12.8287621807292 77.6835826830847,12.8282256344645 77.6835680984325,12.828142206109 77.6835071963746,12.827793877369 77.6834386074759,12.8272693651841 77.6834215578752,12.827030585733 77.6832696944355,12.8267599521025 77.6832702362687,12.8267490400524 77.6832713222184,12.8267272089909 77.683292586753,12.8262997343574 77.6829336999373,12.8262220040546 77.6828982086622,12.8261421643888 77.6827132435739,12.8263756035132 77.6823101685167,12.8271266566845 77.6820131703713,12.8278318106994</coordinates></LinearRing></outerBoundaryIs></Polygon><Polygon><outerBoundaryIs><LinearRing><coordinates>77.663894723819,12.9208974564893 77.6651316822619,12.9205947543358 77.663894723819,12.9208974564893 77.663894723819,12.9208974564893</coordinates></LinearRing></outerBoundaryIs></Polygon><Polygon><outerBoundaryIs><LinearRing><coordinates>77.7839132426522,12.9693519121763 77.784361088492,12.96855790817 77.7843548375294,12.9684967472521 77.783881664985,12.9691353431399 77.7838509105842,12.9691940061041 77.7838333908509,12.9692274217883 77.7837919316567,12.9693213262494 77.7835745013071,12.9699816055473 77.7835110001505,12.9701744422291 77.783335915251,12.9707061323168 77.7832058804968,12.9709051592577 77.7832622091192,12.9708909570391 77.7836474202781,12.970616680238 77.7839110950757,12.9693621262071 77.7839132426522,12.9693519121763</coordinates></LinearRing></outerBoundaryIs></Polygon><Polygon><outerBoundaryIs><LinearRing><coordinates>77.7768974176118,12.9763039064137 77.7766782895151,12.9760174598439 77.7766749425733,12.9757160615576 77.7764837986394,12.9753511400965 77.7761600749708,12.9749698048165 77.7768738002629,12.9740011327169 77.7776841880874,12.9737055399576 77.7781492437712,12.9733985343147 77.778602172695,12.972938634117 77.7792422238561,12.972236978476 77.7792431160775,12.9722360000133 77.7786282624135,12.9710838692762 77.7786733301178,12.9704797897006 77.7792110376075,12.9702433702932 77.7802167493612,12.9701643573936 77.780377228381,12.9702044076173 77.7802898374554,12.9701441654935 77.7788921739612,12.9702683317177 77.7785118784276,12.9704567244181 77.778293936303,12.9705646894991 77.7785021595821,12.9713778463082 77.7790030089247,12.9724149220042 77.7787664599744,12.9726586112653 77.7785405383866,12.972820840955 77.7780640612766,12.9731629888679 77.7776542213878,12.973518357006 77.7768920144078,12.9738411252307 77.7767040975351,12.9739206994622 77.775972637516,12.9745679431255 77.7759540082652,12.9745844260426 77.7761907550033,12.9750728126615 77.776536302472,12.9757220306972 77.7765068439159,12.9757835519474 77.7764349906547,12.9759336061427 77.7765752825027,12.9761325050286 77.776839711767,12.9765073989754 77.7770992663992,12.9765907057651 77.7771712854672,12.9764958197256 77.7771421929458,12.9764826132089 77.7769766241507,12.9764074502921 77.7768974176118,12.9763039064137</coordinates></LinearRing></outerBoundaryIs></Polygon><Polygon><outerBoundaryIs><LinearRing><coordinates>77.7776689831332,12.9761772534301 77.7776327872573,12.9762088573837 77.7777754093912,12.976185816782 77.7776689831332,12.9761772534301</coordinates></LinearRing></outerBoundaryIs></Polygon><Polygon><outerBoundaryIs><LinearRing><coordinates>77.729781523449,13.0314549692762 77.7316201431863,13.0327463949304 77.7329719081155,13.033751651722 77.7344338007242,13.0347258601641 77.7367183146691,13.0363822450976 77.7393329372727,13.0382666488262 77.7453409925519,13.0425312457605 77.752128047907,13.0472989956758 77.7570891705628,13.0508909726755 77.7608897246954,13.0530769988247 77.7612160153711,13.0532075929833 77.7620964189853,13.0535599651531 77.7622445428972,13.05360020414 77.7627077284804,13.0537260359195 77.763317763345,13.0537239773648 77.7635944976888,13.0537648018838 77.7640200090014,13.0538275744332 77.7642480355526,13.0538612160226 77.7645534249076,13.0538936324248 77.7647193921759,13.0539024118965 77.7649493428084,13.0539145792914 77.7651014065157,13.0539226261445 77.765389164184,13.0539145557248 77.7659192191769,13.0538996888399 77.766223086329,13.0538822483923 77.7663016049272,13.0537820846335 77.7667862021014,13.0537414256217 77.7669746915433,13.0537316708572 77.7669855826441,13.0537311056758 77.7672939421266,13.0536638396871 77.7673138040112,13.0536595062474 77.7675253638394,13.0536507829661 77.7678728187839,13.0536396103398 77.7681773561943,13.0535913697719 77.7683126190772,13.0534529785284 77.7694172691185,13.0535985198147 77.7696163280327,13.0536317777221 77.7698786006871,13.0536643605513 77.7700416385058,13.0537068515666 77.7701480874921,13.0537334376849 77.7702319098129,13.0528102344617 77.7702879170605,13.0525598425586 77.7702908357194,13.0521621062639 77.7703453764514,13.0519695444138 77.7703852171353,13.0515367646571 77.7703804218317,13.0514305321176 77.7703756070173,13.0513240292254 77.7703780969274,13.0510568879247 77.7704617224416,13.0506065452444 77.7704953056297,13.0503720630003 77.7704803909417,13.0502596373615 77.770476530848,13.0502305322113 77.7704726683974,13.0502014270861 77.7703530757689,13.0498137698166 77.7702290197593,13.0492086297553 77.7701748710738,13.0488970432978 77.7700554973035,13.0485790630001 77.7699144100824,13.0482613151226 77.7698996180488,13.0482330947602 77.7698848236606,13.0482048744214 77.7698248605294,13.0480210545181 77.7700687414,13.048207559757 77.7704034152751,13.0482245007698 77.7704929597067,13.0482337535328 77.7707076072318,13.0482557791965 77.7715163738864,13.0483291931524 77.7717180722295,13.0483465629326 77.7717476524403,13.0483480404186 77.7717769147728,13.0483514707271 77.7726633174467,13.0485228032699 77.7726797727804,13.0485531492453 77.7726962304513,13.0485834928813 77.7727592464402,13.0485239809702 77.7729211440594,13.0483710879406 77.7731558350749,13.0480748317223 77.7733175412381,13.0477375692122 77.7733406516333,13.0477477275577 77.7733522092157,13.0477528090164 77.7733637643884,13.0477578858755 77.7736725951378,13.0478936211038 77.774509085448,13.0480908504464 77.7745443610069,13.0481021916561 77.7745796318255,13.0481135305987 77.7748771094307,13.0482091743684 77.7758596892301,13.0482599066571 77.7760020272248,13.0481235734866 77.7760959364926,13.0475710805604 77.7755917265286,13.0474263798766 77.7750692799887,13.0472675410415 77.774769127132,13.0471761832501 77.7737976896186,13.0469001561377 77.7739109801188,13.0468626515829 77.774230757613,13.0469327542025 77.7748365154468,13.0468465965872 77.7751252668558,13.0466768250879 77.7751123133514,13.0466521234753 77.7750993598242,13.0466274195493 77.775014667245,13.0466117685203 77.7747886589874,13.0460511288733 77.774691853595,13.0455291203998 77.7749051051317,13.0451138946493 77.7752755370199,13.044602386426 77.7754872277201,13.0442716749938 77.7755047186581,13.044244348175 77.7755222095669,13.0442170190436 77.7757435515216,13.0439347288945 77.7762172062159,13.0432652298429 77.7763520253519,13.042883643015 77.7766402968632,13.0422272651156 77.7772013528787,13.0410455703934 77.7772122224971,13.0410220145449 77.7772221495375,13.0409972686404 77.7774591079512,13.0403604890868 77.7774810077706,13.0402960807043 77.7774910168374,13.0402666442306 77.777500836747,13.0402371658501 77.7776323498066,13.0398332852509 77.7776655909648,13.0394252979652 77.7777332791654,13.0383704416484 77.7785240967225,13.0383308135851 77.7785526369137,13.0383286179136 77.7785811029118,13.0383256922956 77.7786391821531,13.0383197177359 77.7786399731623,13.0376165132491 77.7789911557372,13.0356590897519 77.7789419621638,13.0351258679563 77.7789540782008,13.0347420972158 77.778956799278,13.034655856903 77.7790766630472,13.0346457551282 77.7791147488894,13.0346474575761 77.7791528323726,13.0346491600437 77.7795673983139,13.0346023473619 77.780554251486,13.0346934177932 77.7808809736033,13.034780684295 77.7810338551065,13.0348215173994 77.7811212523339,13.0348520534908 77.7812049250553,13.0348812883316 77.7815103201033,13.0341232378666 77.7821381842209,13.0343059447231 77.7831685385385,13.0345541642603 77.783043373867,13.034922649861 77.7829936935523,13.0350550912882 77.7829703905137,13.0353233073945 77.7829016539445,13.0357620633248 77.7828780098792,13.0359993632004 77.782874119609,13.0361142140591 77.7828700130927,13.0362173199433 77.7828702385764,13.0368632131493 77.7828702422308,13.0368759825162 77.782870329823,13.036895202745 77.7828704205029,13.0369142772557 77.7828780417826,13.0374765694798 77.7828817916204,13.0377473136337 77.7828591227229,13.0380722059656 77.7828384156862,13.038572285379 77.7828347703999,13.0387166128392 77.7828415987157,13.0388614982974 77.7827885959702,13.0392361225071 77.78278571282,13.0392564892827 77.782784272424,13.0392666726578 77.7827576154613,13.0398439712888 77.7827226420393,13.0400092488834 77.7826555334228,13.0401233388404 77.7825750107216,13.0404488532823 77.7826193354162,13.0406493502919 77.7826036435491,13.0409997665725 77.7825683190543,13.041172887201 77.7825444194509,13.0412878029138 77.782484363559,13.0415765488826 77.7824219412719,13.0421947857964 77.7823768529671,13.0423962442665 77.7822238714057,13.0430918379095 77.7820038551255,13.0436307825106 77.7817901221245,13.0443275058234 77.7817990795314,13.0444830566508 77.7818073247559,13.0445749392007 77.7826723870788,13.0444665887639 77.7829459593139,13.0443999748458 77.7831813982757,13.0443290396068 77.7832625255764,13.0443045982651 77.78374761061,13.0441668892676 77.7839507047154,13.0441273022376 77.7842172204186,13.0440753523287 77.7843238614789,13.0440545649822 77.7845112954917,13.0440313240237 77.7851004976573,13.0439658547688 77.7851118167087,13.0439645951915 77.7851231334273,13.0439633379514 77.7851457692224,13.0439608234443 77.7866342048232,13.0436295254332 77.7868513820186,13.0436578169535 77.7868867738287,13.0436421064824 77.7870913748566,13.0435512708611 77.7873698461019,13.0434348613696 77.7877548510424,13.0433551054112 77.7878712266611,13.0433296100475 77.7879689913656,13.0433081908459 77.7880535410304,13.0432888980965 77.7880598788985,13.0432874515801 77.7883232858358,13.0431877537325 77.7884607554001,13.0431341704098 77.7886554024258,13.043009302322 77.7886656054631,13.0430027568076 77.7888386705196,13.0429434664097 77.789163940721,13.0428381223254 77.7892223230289,13.042818133152 77.7912047927434,13.0421393010133 77.7913125758309,13.0401448941553 77.7913315596233,13.0397936186323 77.7913567873227,13.0393267945777 77.7913717519319,13.0388417944016 77.7913743512528,13.0387575147461 77.7913641604494,13.0380434329332 77.7920373894376,13.036925446865 77.7919453469377,13.0364072381041 77.7919151621023,13.0362928525493 77.791882129639,13.036167663895 77.7918399659216,13.036007870854 77.7917945632167,13.0358358128325 77.7915308367182,13.03549199592 77.7915482845768,13.0351168494152 77.7917292828594,13.0351644209488 77.7919016341821,13.0350847415863 77.7915742539851,13.0350394493375 77.7914347658126,13.0350196372988 77.7913239935573,13.0350039022721 77.7912370662089,13.0349915545198 77.7909366398147,13.0349381084864 77.7906037311811,13.0348025642329 77.790351197394,13.0346822478357 77.7902267172408,13.0346229385937 77.7901277772121,13.0345758019374 77.7895584041465,13.0341422855304 77.7893569247875,13.0340001687399 77.7889314134212,13.0339225197146 77.7889036251874,13.0339174495405 77.788734745671,13.0338677380027 77.788830862724,13.033615406407 77.7887291632657,13.0329632299587 77.7886303392208,13.0325185879551 77.7887238533267,13.0324892810386 77.7887074349753,13.0323822642185 77.7886527140909,13.0322145695807 77.7885760820543,13.0319474303746 77.7885159192976,13.0317419533233 77.7884774768833,13.0315331829696 77.7883594480811,13.0308921913705 77.7883198910805,13.0306773650611 77.7882617884211,13.0305056181992 77.7881979463092,13.0303169018934 77.7880963793757,13.0300166828934 77.7879158950024,13.0294002483778 77.7876743833966,13.0285010492294 77.7875012966027,13.0284790198429 77.7873062627837,13.0284669688871 77.7871476353096,13.0284828258266 77.7871182670091,13.0284804478478 77.7870888939403,13.0284780652919 77.7869164350126,13.0284640899596 77.7866538185228,13.0284730459166 77.7866335976622,13.0284737352141 77.7866234884108,13.0284740798496 77.7862814472919,13.0284850739227 77.7857044366788,13.0285266518828 77.7852734718351,13.0285372598151 77.7852463854325,13.0284607798252 77.7850441376883,13.0284488047116 77.7850316182665,13.0279749317493 77.7850226761743,13.0278843656791 77.785006866243,13.0277242106596 77.7849914770701,13.0275683545938 77.7849726567902,13.027377739858 77.784956844633,13.0272175848422 77.7849339312427,13.0269855193489 77.7848324112658,13.0269441633146 77.7848268062903,13.0269134678781 77.7847789037005,13.0266511002871 77.7847000096587,13.0261588998831 77.7846700079495,13.0259766699692 77.7845144468017,13.0255034948628 77.7844175707282,13.0252785556698 77.7842034316078,13.0248802535769 77.7841160072581,13.0245627650689 77.784145882443,13.0244016471297 77.7841342524383,13.0242990526428 77.7844050898177,13.0241420651956 77.7849691884941,13.023919528333 77.7854690662623,13.0242000044454 77.786382819064,13.0240733929341 77.7870119825516,13.0240181011939 77.7874686721839,13.0239358828323 77.7879800556685,13.0239944331275 77.7888103592791,13.0241096595673 77.7892883639033,13.0242381064493 77.7898994117276,13.0244023062164 77.7908038281914,13.0246493604746 77.7910222560365,13.0246792568335 77.7912749028662,13.0247138370199 77.7915585090673,13.0247526550618 77.7917759803615,13.0247824223081 77.7932433159941,13.0250605338598 77.7935476184063,13.0251172929865 77.7939240721123,13.0251875066944 77.7943891026227,13.0252742418262 77.7948733900475,13.0253645699581 77.7949064530174,13.0253744689313 77.7971450588119,13.0260447279142 77.7973085192556,13.0261258081929 77.7983155207282,13.0266311230114 77.7984573395074,13.0267078830198 77.8000377221842,13.0275632572967 77.7999606001274,13.0264871015451 77.7999441569987,13.0263146562736 77.7999255621682,13.0261196880448 77.7999061490072,13.0259161171566 77.7998450361773,13.0252752975635 77.7998020721939,13.0248247914395 77.7997248231552,13.024014755774 77.7997046801395,13.0237961271737 77.7996655791636,13.023371751257 77.7995399148652,13.0226041558758 77.7994810560732,13.0222446142098 77.7994031735248,13.021768890945 77.7993467945052,13.0214245034898 77.7992691885826,13.020641045379 77.7992416278527,13.0203628382222 77.7992513272237,13.0200529483027 77.7992527106287,13.0200402681619 77.7992604918688,13.0199689842871 77.7993100777223,13.0195148301866 77.799288765414,13.0193038704531 77.7992629239505,13.0190480891641 77.7992515541201,13.0189355455722 77.7992312788967,13.018762514707 77.7992140083856,13.0186151078347 77.7991866438589,13.0183815931865 77.7991683668812,13.0182256180375 77.7991580349582,13.0181374362654 77.7990840886508,13.0179215620738 77.7990770145489,13.0178922497419 77.7989944218922,13.0175501035795 77.7989613447712,13.017413072093 77.7989251244694,13.0172760791587 77.7988776213712,13.0170964071866 77.7987983759102,13.0167966786912 77.7988796734012,13.0165201956987 77.7987421478759,13.0164324621796 77.7985022219578,13.0155579688166 77.7983150545538,13.0148757556326 77.7982811899897,13.0147550396952 77.798319266606,13.0146717833859 77.7981550047138,13.0145377006742 77.7980717065326,13.0146469350118 77.7979835614505,13.0142861264261 77.7979490391442,13.0141448136825 77.7978267459317,13.0136270098252 77.7977848428095,13.0134495916494 77.7977291205903,13.0131188114243 77.7977118164467,13.0129871452799 77.7977006875141,13.0129024451619 77.7976898223111,13.0125138255003 77.7976828077123,13.0123229100469 77.7976828037197,13.0123227644064 77.7976827996752,13.0123226141416 77.7976827278178,13.0123206239083 77.7976617672213,13.0117388766174 77.7976617976511,13.0117283477613 77.7976618538211,13.0117072924121 77.7976630208278,13.0112841800702 77.7965719528375,13.011619301677 77.7957786374408,13.0118756015824 77.7957671634744,13.0118793095728 77.7955350417843,13.011952961287 77.7951478745657,13.0120756961359 77.7950689469665,13.0121007165512 77.7947438282788,13.0120978453976 77.7944646239478,13.0120657931771 77.7942041752961,13.0122124037361 77.7940372577766,13.0122861054725 77.7939099732062,13.0121539425563 77.7934375713271,13.0120974030806 77.7932823276633,13.0124064826424 77.7926785214916,13.0124830858374 77.7924501302523,13.0124090729135 77.7920800026081,13.0124512949156 77.7916897759755,13.0122771049848 77.7916617987094,13.0122646160385 77.7912686697959,13.0119948183449 77.7909151922835,13.0117819488182 77.7907198064385,13.0117521883798 77.7899841960287,13.0116708849368 77.7898126788582,13.011731142762 77.7894634086404,13.0118942188173 77.7892804544897,13.0118133409063 77.7889851854629,13.0116153865582 77.7887905777708,13.0105463187476 77.7888615102223,13.0104533052621 77.7886687707606,13.009515652171 77.7885793880728,13.0090401667698 77.7885980753609,13.0088370942628 77.7886509825413,13.0084403188187 77.7885177782169,13.0079153762099 77.7884845939593,13.0079184454634 77.7884514097259,13.007921517025 77.7882844458716,13.0073480980086 77.7883726216283,13.0071502562314 77.7883504855575,13.0064318295008 77.7883432962103,13.0064049134922 77.7882474345314,13.0060459639911 77.7880652116245,13.0055764359358 77.7880561662795,13.0054851541573 77.7880421060229,13.0053433274326 77.7879909707811,13.0051381031023 77.787936003726,13.0049174935276 77.7878944285991,13.0047506364234 77.7878188330953,13.0043364045124 77.7879600344861,13.0042785535261 77.7881009118477,13.0042208354545 77.7882637521748,13.0041541170865 77.7884581073562,13.0040744871172 77.789169101868,13.0037900927328 77.789306629482,13.0037350810018 77.7894571094395,13.0036748888127 77.7896813266687,13.0035852015977 77.7898800920303,13.0035056944335 77.7905785196157,13.0033761973295 77.7911585955678,13.0032668527784 77.7914956566919,13.0032089628162 77.7917356982764,13.0028916420405 77.7915507992484,13.001677037683 77.7917454371679,13.0013839498069 77.7919314220072,13.0011038908009 77.7919972433809,13.0010047717661 77.7921957401785,13.0004382784128 77.792116498112,13.0002306891298 77.7924374429806,12.9997225696379 77.7928570615547,12.9990582299145 77.7930793315272,12.9987063278677 77.7929707023355,12.9982353366238 77.792970736436,12.9982352229469 77.7933384006603,12.9970246085248 77.7935353778841,12.9963752002729 77.7935358594425,12.9963729265804 77.7936003402014,12.9960677528258 77.7936153606135,12.9959966499479 77.7936230777165,12.9959600949932 77.7936307830031,12.9959235378533 77.793745853446,12.9956578204126 77.7939123993113,12.995273239626 77.7937871596003,12.9948914935898 77.7937837561943,12.994881112641 77.7937803480212,12.9948707271184 77.7937735340858,12.994849960672 77.7935579717946,12.9941835158575 77.7935186065304,12.9940618144367 77.7934590603437,12.993877713675 77.7934504549865,12.9938511067402 77.7934418594252,12.9938245320736 77.793356612685,12.9935827208265 77.7933119183134,12.9934688187383 77.7931866878455,12.9931496652624 77.7931261005611,12.9928064536581 77.793021578253,12.992264737637 77.7930096119269,12.992165532811 77.7930070646552,12.9921444036181 77.793005791343,12.9921338679238 77.7929487239676,12.99172515751 77.7929316415873,12.9916032647579 77.7928643156596,12.9911185341537 77.7922160436116,12.9899956743668 77.7915654775768,12.9890216472888 77.7904150902845,12.9894214094736 77.7904993565734,12.9884192141643 77.7906085100102,12.988239399856 77.7909440114235,12.9880588393936 77.7908019137085,12.9876117872665 77.7905452343441,12.9873987166064 77.7903167208092,12.9872604376905 77.7900334946667,12.9871254540453 77.7899317488523,12.9870279159983 77.7898436515123,12.9869434608721 77.7897013989118,12.986818464888 77.7894763451058,12.9866368494647 77.788938600547,12.9863270167499 77.7888504990713,12.9861314476739 77.7886965229993,12.986020805345 77.7885806244886,12.9859003979813 77.7884631596694,12.98563963888 77.7881813770332,12.9852475010853 77.7879405176481,12.9849995540785 77.7874883461218,12.9846862368249 77.7874870935511,12.9845739572418 77.787398787582,12.9843596701492 77.7873441102684,12.9841934035182 77.7873098556288,12.9840892478147 77.7872599380572,12.9838932681597 77.7871404573072,12.9835652693942 77.7868685002686,12.9831470827007 77.786962803762,12.9830431344082 77.7868928727714,12.9827516634203 77.7868655543518,12.982060567667 77.786770943336,12.9819508223422 77.7866913303318,12.9819221528935 77.7865241992224,12.9818619711005 77.7864761027165,12.9815157609789 77.7864677746666,12.981408149693 77.7864590354485,12.9812951709653 77.7864496663118,12.9811741238731 77.7864416111965,12.9810700500322 77.7864194562769,12.9807837504492 77.7860713332519,12.9808597170165 77.7860139223413,12.9809432527461 77.7856200070821,12.9809367893677 77.785603976238,12.9808213866012 77.7850862855038,12.98079410949 77.784750959773,12.9806854094795 77.7846580137512,12.9805768269247 77.7844261405047,12.9803333990685 77.7838314517929,12.979847944998 77.7834604683082,12.979669864687 77.7829117181292,12.9792546334539 77.7825730621119,12.978846512551 77.7820979312542,12.9790111357813 77.7819687795452,12.9791728948468 77.7817263748931,12.9791587839434 77.7812646818922,12.9791319050672 77.7810020939425,12.97909925992 77.7807230384632,12.9790645660698 77.7804339170726,12.9790375413658 77.7801462614989,12.9790106509593 77.7798979831815,12.9789874414114 77.7794970134734,12.978967554881 77.7792771444721,12.9789566485343 77.7790865581373,12.9789867597768 77.7786189879119,12.9788091932354 77.7784418539563,12.9787419228835 77.7784154980344,12.9787319117753 77.7784190776789,12.9786689163486 77.77842515861,12.9785619525135 77.7784793542352,12.9783155570011 77.7785116023011,12.9781689504997 77.7785192810386,12.9781340402192 77.7785592436912,12.9780079438572 77.7786339063717,12.9777723462161 77.7787343046423,12.9774555368278 77.7788270232524,12.9771629587184 77.7786246861677,12.976796119724 77.7782441387762,12.9762235315129 77.7779317872231,12.9761983992944 77.7782159426697,12.9765234485631 77.7782918089638,12.9766232350462 77.778301011136,12.9766405200226 77.7784299613229,12.9768827477286 77.7784630310539,12.9769441482425 77.7785388357032,12.9772581681157 77.7785050939672,12.9773624908256 77.7783900088506,12.9776176813693 77.7783627731277,12.9777676267264 77.7783438307517,12.9779356246411 77.7783279205021,12.9780639113063 77.7781965852526,12.9785362779804 77.7780815511142,12.9785890639439 77.7779797365598,12.9786331506118 77.7778238601898,12.9786348164735 77.7776280595419,12.9785509127132 77.7772791858728,12.9782823164072 77.7770266313591,12.9783519004142 77.7763832936419,12.9792044140315 77.776326376896,12.9793435720488 77.7762151907461,12.9794212033872 77.7756563447971,12.9799861536564 77.7749765570186,12.9801892942128 77.7748264519771,12.9802721182639 77.7747823464533,12.9802487010278 77.7744711759293,12.9803045759681 77.774429510455,12.9805009043181 77.774500781293,12.9807772466758 77.7748219678146,12.9811846942189 77.7751122310409,12.9814395874303 77.7752660597268,12.9821306990963 77.7758577288115,12.9823599933719 77.7758777429986,12.9824441878143 77.7759101110698,12.9826116305468 77.775978493655,12.9828467197028 77.7760362398038,12.9830496750953 77.7761573905361,12.9835945983854 77.7761953482793,12.9837141039279 77.7762625219264,12.984050894367 77.7763643174838,12.9846625377367 77.7763007457906,12.9848602935544 77.7765362035799,12.98495509574 77.7766388517123,12.9850358415233 77.7765170641894,12.9852557183522 77.7763899220158,12.9854562835675 77.7762754988444,12.9854622333539 77.7759593060638,12.9856591936472 77.7758411306503,12.985875450093 77.7756911901633,12.9861923750212 77.7755649699245,12.9875909800525 77.7753731839535,12.9877899088967 77.7757219002495,12.9877481353449 77.7757060275931,12.988477913071 77.7756026640912,12.9887119258759 77.7755527597436,12.9891531952209 77.7755985555446,12.9893710012155 77.775434133859,12.9898895026644 77.7754169594807,12.9901916798122 77.7754478748106,12.9903075587779 77.775600931689,12.990523792984 77.7756356559892,12.9909716083933 77.775526237044,12.9910431557839 77.7748924336173,12.9913283441784 77.7742316157211,12.9910975845071 77.7742752441419,12.9950565330852 77.7741845700887,12.9960880565916 77.7742878380952,12.9961982899717 77.7747510433326,12.9971805047645 77.7746980906703,12.9976114097933 77.7749417158857,12.9977107280558 77.774887085484,12.9982717415409 77.7748657298579,12.9984910610412 77.7748068365474,12.9990958467678 77.774739577589,12.9993011462094 77.7746526677212,12.9995261410851 77.7746243817557,12.999662831019 77.7745772048081,12.9998874011329 77.7745701968807,13.0001505089171 77.7746024871376,13.0003742294713 77.7746343452035,13.0005589866321 77.7746953547994,13.0006849796599 77.7747860583691,13.0008009120467 77.7747871414847,13.0008983208949 77.7747380150998,13.0009475563703 77.7746498024879,13.0010556594724 77.7745507942307,13.0010859455975 77.7743621652851,13.0010977044491 77.7741935102931,13.0011189900677 77.7740047748081,13.0011210075762 77.7738066450403,13.0011718356086 77.7736978082683,13.0012119669124 77.7736194252127,13.0013102242791 77.7735719234152,13.001505570292 77.7735734391896,13.0016419417289 77.7735547616267,13.0017493041018 77.7734662261876,13.0018281864088 77.7732976806219,13.0018592126154 77.7731188764153,13.0018611234489 77.7729200963,13.0018535071848 77.7727314682775,13.0018652631551 77.7725946712945,13.0020713054822 77.7724573329718,13.002228645974 77.7723592950956,13.0023465957772 77.7723422413828,13.0026000717209 77.7724136174418,13.0027649217956 77.7725442693468,13.0028999117586 77.7727438081359,13.002975717517 77.7729826466771,13.0030121323637 77.7732019432264,13.0030779816334 77.7734008325988,13.0030953412672 77.7737073665156,13.0029654193406 77.7740051593252,13.0029427532616 77.7741341856249,13.0029316289187 77.774372267732,13.0028998585732 77.7744711702434,13.0028598330906 77.7746302146623,13.0028678747029 77.774790236798,13.0029635839545 77.7749002656635,13.0030306001575 77.77508025944,13.0031358378268 77.775240715272,13.0032705091625 77.7753418912954,13.0034350401876 77.7754836716793,13.0036770709314 77.7755052732669,13.003832712615 77.7755472835685,13.004036843438 77.7755320774902,13.0044559096508 77.7755240915252,13.0046313522591 77.7755257170991,13.0047774626868 77.7755273426929,13.0049235731126 77.7755993719761,13.0051468698652 77.775661250681,13.0053507880314 77.7757223689744,13.0054865215096 77.7757733384519,13.0056028791201 77.7757746391549,13.0057197699579 77.7757262709734,13.0058371904247 77.7756475607583,13.0059062253624 77.7755814387057,13.0059470290017 77.7755197177154,13.0059871333512 77.7754285053483,13.006006039935 77.7752459246427,13.0060295082853 77.7751398876661,13.0060306426249 77.77504478098,13.0060280729484 77.7748986432604,13.0060403945899 77.7748184417752,13.0060627675354 77.7747236142495,13.0060852968966 77.7746182153208,13.0061437989787 77.7745541512247,13.0062064080243 77.7744881876684,13.0062515501528 77.7743831848357,13.0063178480281 77.7743321258019,13.006345057154 77.7742507936057,13.0063666651951 77.774208502518,13.0063671174612 77.7740875379888,13.0063565595725 77.7740512911133,13.0063569471783 77.7740148410728,13.0063395633733 77.7739811185051,13.0062954873189 77.7739412876676,13.0062455490354 77.7739166616284,13.0062043385646 77.7738830378811,13.0061691455138 77.7738283326771,13.0061401054069 77.7737189918808,13.0060879510418 77.773631222959,13.0060740760194 77.7735406305056,13.0060780092539 77.7734502383688,13.0060997111919 77.7734081760042,13.0061208991336 77.773375440645,13.0061656857755 77.773289485805,13.0063147308593 77.7732724793283,13.0064156374952 77.7732766861481,13.006522243988 77.7732863192811,13.0068450519384 77.7732706302162,13.007064444714 77.773281206997,13.007200606347 77.7733066922068,13.0073188349993 77.7733163797368,13.0073750168605 77.7733640825978,13.0075039244966 77.7733739382077,13.0076657695869 77.7733749922282,13.0077605583015 77.7733717968458,13.0078356415123 77.7733525811313,13.0079187981934 77.7732978630213,13.0080694840385 77.773266211992,13.0081211712715 77.7732108761995,13.0082165628951 77.7731401329633,13.0083753195414 77.7731291020945,13.0084702374751 77.7731218814554,13.0085453637317 77.7730615646515,13.0089173100366 77.7730571547332,13.0092452074469 77.7730984429213,13.0093356139993 77.77315159557,13.0094061472584 77.7732774680867,13.0094956520605 77.7733549186968,13.0095777723926 77.7733553140096,13.0096133180431 77.7733482225042,13.0097002943782 77.7733285684585,13.0097439566026 77.7732855809108,13.0098629146672 77.7732139150834,13.0099387300367 77.7731662387994,13.0099984899361 77.7731429519986,13.010077740883 77.7731678639483,13.01014462408 77.7732128280907,13.0102033915736 77.773298028429,13.0102577804118 77.7733588822828,13.0102966297271 77.7734356761644,13.0103195087172 77.7737345696698,13.0103913638784 77.7738198140752,13.0104497004177 77.7738688494642,13.0105123762033 77.7739136820569,13.0105592979941 77.773934700821,13.0106380714577 77.7739121172213,13.0107805124573 77.7738524906333,13.0108522517624 77.7737569184662,13.010952024118 77.7736974693627,13.0110395604411 77.7736271653674,13.0112378117395 77.7736366263623,13.011364108368 77.7736657863577,13.0114506978586 77.7737518650857,13.0115840789511 77.7737790210207,13.0118523875381 77.7738216712877,13.0120652295798 77.773775225196,13.012235578049 77.7737644171648,13.0123502427107 77.7737779055297,13.0124764980302 77.7738269002454,13.0125352248958 77.7739041782394,13.012601547748 77.7741902136925,13.0129658367231 77.7742604448417,13.0131230854272 77.7742730115441,13.0131664020864 77.7743012948801,13.0131739989312 77.7742615875524,13.013225772554 77.7742463122374,13.0133009849635 77.774218863966,13.0133684308635 77.7741711883784,13.0134281892013 77.7741110770463,13.0134564845342 77.7740428234949,13.01347696389 77.7739138020876,13.0134664927799 77.7738652026617,13.0134433143097 77.7737315361691,13.013377593819 77.7736427468257,13.0133627428913 77.7735783446098,13.0133673810892 77.7733811987,13.0133892408069 77.7732247726681,13.0134501649191 77.7730368679703,13.0135785742821 77.7729339889819,13.0137455742994 77.7729027767273,13.0138367588051 77.772909220113,13.0140539384633 77.7729537440107,13.0142407569836 77.7729609708137,13.0145984945686 77.7729107810567,13.0146085170578 77.7709972773577,13.0151688503192 77.7707495159522,13.0139197575376 77.7706941517909,13.0135253071734 77.7707207564755,13.0132399585059 77.7706646131277,13.0128647172621 77.770568292416,13.0123816131819 77.7704155660179,13.0120838448932 77.7703871051469,13.0118611937089 77.7703516532432,13.0115940241557 77.7701663766606,13.0112902349229 77.7697982636063,13.0098300825667 77.7695051928222,13.0091792064373 77.7696690902972,13.0091180018686 77.7697106013027,13.008956179481 77.7696565621151,13.0087698985128 77.7695096099441,13.0087969492994 77.7694456837771,13.0085003543251 77.7694608873749,13.0070083526491 77.7693621608837,13.0066448085384 77.7694184995934,13.0064531007044 77.7692910411983,13.0055053022303 77.7693940536078,13.0054213902336 77.7692497967742,13.0047158378678 77.7690561946011,13.0042465105342 77.7689036801318,13.0033817919868 77.7687943687455,13.0031241700663 77.7685834825598,13.0026271536266 77.7678473079962,13.0030235888666 77.7674391493402,13.0031234970561 77.7673160173082,13.0031502892531 77.7670823203589,13.0031655228146 77.7667385509863,13.0032137808552 77.7662263244763,13.0033020547091 77.7658112440916,13.0033638113147 77.7656624119738,13.0034163602428 77.7647553658814,13.0036362416839 77.7646259511303,13.0036822129781 77.7641165117746,13.0039545994815 77.7638104603566,13.0034283969306 77.7635354588274,13.002878192473 77.7634433693211,13.0028207067389 77.7633845619797,13.0028001682276 77.7633444333455,13.0027960609088 77.763318298101,13.0028023869599 77.7632898373116,13.002834625123 77.7632873110993,13.002834183202 77.7632320317402,13.0029408921267 77.7630005770699,13.0032847884015 77.7628383119397,13.0035033709374 77.7626523731978,13.0037083648089 77.7625377672307,13.0039818079365 77.7623365819435,13.0045099382242 77.7621072437407,13.0048256379699 77.7615824897881,13.0051942083236 77.7614797817096,13.0051953015694 77.7611081320065,13.0051026315498 77.7609250902858,13.0050361619237 77.7609069432623,13.0050295719965 77.760800985427,13.0050099610821 77.7606801847427,13.0050142085159 77.7605774766597,13.0050153013899 77.7604929576714,13.0050221255796 77.7604357597318,13.0050405106369 77.7603396175479,13.0050889353841 77.760264734532,13.0051438979973 77.7602167460562,13.0051791187092 77.7601808894304,13.0052150477238 77.7600309616953,13.0053173686163 77.7599528464007,13.0053567127819 77.7598662273262,13.0054465103238 77.7596565996409,13.0056146417554 77.7593779908404,13.005827946648 77.7593032878404,13.0059028055413 77.7592768204647,13.0059682608843 77.7592684467331,13.0060305626898 77.7592602368529,13.006107677246 77.7592696590839,13.0061401625914 77.7592794090178,13.006202272533 77.7593044607662,13.0062819953015 77.7593547290693,13.0064562499465 77.7594181291595,13.0067251649782 77.7594371376559,13.0068049519966 77.7594974812358,13.0070709374887 77.7594952165418,13.0071391019095 77.7594867427175,13.0071925160858 77.7594875292446,13.0072636082362 77.7594484163689,13.0075513901881 77.7593927889618,13.0077119585676 77.7593302350888,13.0077926114113 77.7591859557583,13.007859323613 77.7591558125464,13.0078655691437 77.7590592102596,13.0078725215848 77.7589895005558,13.0078525245704 77.7588986449367,13.0078327542514 77.7588503751711,13.0078391925416 77.7587873978906,13.0078813375237 77.7587122700683,13.0079176859213 77.7586161236587,13.007966110338 77.7585862443678,13.0079960543927 77.7585804985636,13.0080227761778 77.7585327201958,13.0080736481738 77.758451744527,13.0081278361049 77.7583708698496,13.0081909089341 77.7583470302085,13.0082207860339 77.7583443065986,13.0082474801971 77.7583362256652,13.0083364404955 77.7583006304547,13.0083960679968 77.7581152022013,13.0085669061821 77.7578925077368,13.0086463014296 77.7576123201254,13.0087174181623 77.7574109041523,13.0088084339129 77.7572035119521,13.008905442482 77.7571674551386,13.0089235995788 77.7570835595047,13.0089867051295 77.7570478656522,13.0090374457729 77.756974341801,13.0092189436308 77.7569059397575,13.009317432072 77.7568436466626,13.0094217849913 77.756778008447,13.0094965453274 77.7566191102033,13.009607849029 77.7564937404827,13.0097454579353 77.7561875081713,13.0099205392626 77.7559443192539,13.0100594000443 77.7556842558481,13.0101653312787 77.7554630057218,13.010248191814 77.7553577628931,13.0102937499445 77.7552792205959,13.010294584385 77.7551884613075,13.010283696962 77.7551216740888,13.0102547810137 77.7550633597835,13.010172448124 77.7549745869901,13.0097941877466 77.7549196906505,13.0096038674692 77.754916044473,13.009589111533 77.754914563479,13.0095703796454 77.7549021392695,13.0094842729293 77.7549028904324,13.0094367726086 77.7549045970595,13.0093605156091 77.7549068706022,13.0093354937313 77.7549078674933,13.0093104872205 77.7549063874271,13.0092917553223 77.7549050288412,13.0092842703439 77.7549022859236,13.0092668029652 77.7548724485398,13.0092196248336 77.7547999492108,13.0091179116796 77.7547559000966,13.0090533861497 77.7547171555664,13.0090075546011 77.7545796253208,13.0088537272126 77.7545592289198,13.0088309162421 77.754544201194,13.0088119208121 77.7545172991837,13.0087997098993 77.7544917557138,13.0087949812574 77.7544612086299,13.0087990544609 77.7544296388359,13.0088256349506 77.7544094136806,13.0088408485558 77.7543980966573,13.0088547164541 77.7543753365496,13.0088712053736 77.7543575754728,13.0088788943 77.7543372545976,13.0088853583987 77.7543130531031,13.0088868637954 77.7542977340353,13.0088845287739 77.7542824259701,13.0088834402244 77.7542646372771,13.0088886290319 77.7542507291703,13.0088987738305 77.7542219427157,13.0089465736844 77.7541868520365,13.0090006896899 77.7541243858342,13.0091150871743 77.7541207674327,13.0091338723237 77.7541084939104,13.0091764978222 77.7540774604146,13.0092518151656 77.7540547830688,13.0092758035058 77.7540185398382,13.0093411790557 77.7539556760254,13.0094193338817 77.753907701672,13.0094610873471 77.7538723477332,13.0094914585856 77.7538281426596,13.0095281739149 77.7537043104047,13.0096257263894 77.7536714646707,13.0096523203674 77.7536247107726,13.0096890609274 77.7535452067777,13.0097611440535 77.7535086055418,13.0097940307149 77.7534604258901,13.0098170377613 77.7533677236689,13.0098480177862 77.7533170210043,13.0098735520033 77.7532853948484,13.0098951348923 77.7532475343441,13.0099292832926 77.7532248016389,13.0099482704535 77.7532072197897,13.0099722037498 77.753179568969,13.0100074930617 77.7531456267237,13.0100503458675 77.7531176708399,13.0100823701781 77.7529080796145,13.0102187282001 77.752789812594,13.0102919859321 77.7527170932719,13.0103723526426 77.7526946639901,13.0104188338261 77.7526859893585,13.0104414223556 77.7526856214381,13.010451238199 77.7526217378639,13.0105272898659 77.7525352629402,13.0106041025199 77.7523841458826,13.0106604687757 77.7523531569857,13.0106574264428 77.7522995457192,13.0106504959859 77.7522601627429,13.0106621621745 77.7522398820844,13.0106723736237 77.7520512708397,13.0107906099476 77.7519675580905,13.0108277442977 77.7518663938774,13.0108741015993 77.751127473988,13.0109466250841 77.7505902275444,13.0111429839683 77.7499148682397,13.0113285067548 77.7497818067248,13.011206909591 77.7494430769575,13.0112043502886 77.7493691749026,13.0113281410444 77.7488512124229,13.0115673449646 77.7476534808163,13.0115923389007 77.7475816760547,13.0109704583771 77.7475132629139,13.0102674633749 77.7472568246507,13.0103003123412 77.7468374133754,13.0095441066851 77.7470458578269,13.0093566538378 77.7470328807623,13.0089662027099 77.7470288133884,13.0088438326942 77.7470398743689,13.0083779562736 77.7468969068575,13.0076490747389 77.7468178856017,13.0070597309113 77.7470278617349,13.0068967433984 77.7469689989359,13.0066929482997 77.746503053253,13.0068601915321 77.7461660869,13.0069766699692 77.7454621299756,13.007097033273 77.7450594714017,13.0071295236802 77.744685669676,13.0071687631854 77.744441008334,13.0071713517498 77.7438934196301,13.0071136311488 77.7432448552315,13.007035807554 77.7430358622755,13.0070097883886 77.742863159594,13.0070116145195 77.7425757878703,13.0070569957728 77.740834836167,13.0071177380685 77.7405289927828,13.008101890546 77.7402230122777,13.0080334461705 77.7390816942783,13.0077926956068 77.7379965616508,13.0075260088407 77.737937508385,13.0075132997926 77.737870026231,13.0075584499225 77.7378343605798,13.0076121512654 77.7377576221792,13.0076396250031 77.7373818610309,13.0076746970484 77.7369248788325,13.0077417338015 77.7365537466325,13.0077856447008 77.7362541900046,13.0077443641337 77.7359292470448,13.0074545010337 77.7359599116103,13.0079318892707 77.7360011476569,13.0087530696546 77.7360711410508,13.0092579398136 77.7360983421685,13.0095341593435 77.7360926894515,13.009777325413 77.7360709747669,13.0107115684656 77.735987572911,13.0107369595333 77.7354526697412,13.010899794783 77.7337888375034,13.0097876168939 77.7328555717514,13.0106427713988 77.7325668588968,13.0107643156295 77.7321078489773,13.0107849510547 77.7319222177113,13.0107553049958 77.7315438517169,13.0107829923331 77.7311250336301,13.0107953029811 77.7302303990446,13.0107652215143 77.7291177382165,13.0106900320275 77.7278517287529,13.0105483430103 77.7278856301096,13.0108857196307 77.7280256334357,13.0121100050206 77.7281300507503,13.0129247658955 77.7283236368996,13.0136811474003 77.7284591886059,13.0142880351857 77.7288407471312,13.015287343821 77.7290564287702,13.0158538887038 77.7292308830952,13.0163339638681 77.7294720341292,13.0170187394527 77.7296811355233,13.0177196542093 77.7297759198736,13.0182882829134 77.7299198269604,13.0185388774712 77.7301059250201,13.0198493016582 77.7295072698949,13.0202465104826 77.7289930368133,13.0206055366044 77.7272873546501,13.0231997418141 77.7259097923656,13.025646916631 77.7260625986064,13.0258665143041 77.7252648212471,13.0256115675284 77.7252895995082,13.0257352232101 77.7253667859465,13.0267155593345 77.7252603385899,13.027820886407 77.725035777441,13.0285447225644 77.724945392588,13.0287032574664 77.7251017049031,13.0287892547982 77.7266386886425,13.0296693656328 77.7282368623166,13.0305712277541 77.729781523449,13.0314549692762</coordinates></LinearRing></outerBoundaryIs></Polygon></MultiGeometry>
  </Placemark>
</Folder>
</Document></kml>
